song_slug,n,pct_ge_10,pct_ge_15,pct_ge_20,median_duration,median_position
1999,4.0,0.5,0.0,0.0,721.3715,1.5
20-20-vision,1.0,0.0,0.0,0.0,176.718,4.0
46-days,157.0,0.19745222929936307,0.03821656050955414,0.012738853503184714,470.572,9.0
5-15,1.0,0.0,0.0,0.0,385.097,20.0
50-ways-to-leave-your-lover,1.0,0.0,0.0,0.0,233.927,21.0
555,69.0,0.028985507246376812,0.014492753623188406,0.014492753623188406,379.298,5.0
99-problems,1.0,0.0,0.0,0.0,280.189,12.0
a-apolitical-blues,1.0,0.0,0.0,0.0,226.534,24.0
a-day-in-the-life,74.0,0.013513513513513514,0.0,0.0,309.79949999999997,19.0
a-life-beyond-the-dream,39.0,0.0,0.0,0.0,450.35900000000004,18.0
a-song-i-heard-the-ocean-sing,50.0,0.28,0.12,0.0,453.0545,10.0
a-wave-of-hope,35.0,0.7142857142857143,0.4,0.17142857142857143,850.416,11.0
about-to-run,28.0,0.0,0.0,0.0,411.864,11.0
ac-dc-bag,338.0,0.10059171597633136,0.04142011834319527,0.01775147928994083,406.335,5.0
access-me,7.0,0.0,0.0,0.0,243.069,4.0
acoustic-army,27.0,0.037037037037037035,0.0,0.0,245.838,15.0
after-midnight,8.0,0.125,0.0,0.0,395.0775,15.5
ain-t-love-funny,4.0,0.0,0.0,0.0,335.3865,8.5
alaska,44.0,0.18181818181818182,0.022727272727272728,0.0,548.389,9.5
albuquerque,17.0,0.11764705882352941,0.11764705882352941,0.0,265.796,12.0
all-along-the-watchtower,2.0,1.0,0.0,0.0,761.7435,21.0
all-blues,4.0,0.0,0.0,0.0,190.72,5.0
all-down-the-line,1.0,0.0,0.0,0.0,339.096,24.0
all-of-me,1.0,0.0,0.0,0.0,364.931,17.0
all-of-these-dreams,16.0,0.0625,0.0625,0.0,268.87850000000003,8.5
all-that-you-dream,1.0,0.0,0.0,0.0,259.579,12.0
all-the-pain-through-the-years,1.0,0.0,0.0,0.0,484.232,10.0
all-things-reconsidered,81.0,0.012345679012345678,0.0,0.0,179.801,8.0
also-sprach-zarathustra,274.0,0.23357664233576642,0.06204379562043796,0.01824817518248175,415.89549999999997,13.0
alumni-blues,211.0,0.052132701421800945,0.0,0.0,303.073,10.0
amazing-grace,113.0,0.017699115044247787,0.0,0.0,123.16749999999999,22.0
ambient-jam,1.0,1.0,1.0,1.0,1443.2962799999998,31.0
american-woman,1.0,0.0,0.0,0.0,364.931,26.0
amidst-the-peals-of-laughter,1.0,0.0,0.0,0.0,103.131,23.0
amoreena,1.0,0.0,0.0,0.0,363.468,1.0
anarchy,12.0,0.0,0.0,0.0,51.696,18.0
and-flew-away,1.0,1.0,1.0,1.0,1400.4000000000005,11.0
and-so-to-bed,1.0,0.0,0.0,0.0,235.272,16.0
andy-s-chest,1.0,0.0,0.0,0.0,363.8595,17.0
any-colour-you-like,1.0,0.0,0.0,0.0,241.084,21.0
anything-but-me,12.0,0.0,0.0,0.0,356.4145,6.5
arc,1.0,1.0,0.0,0.0,874.397,5.0
architect,4.0,0.0,0.0,0.0,387.161,14.5
army-of-one,27.0,0.0,0.0,0.0,288.595,6.0
art-jam,1.0,1.0,0.0,0.0,603.115,15.0
ass-handed,19.0,0.05263157894736842,0.05263157894736842,0.0,106.083,9.0
auld-lang-syne,29.0,0.06896551724137931,0.0,0.0,118.596,20.0
autumn-leaves,4.0,0.0,0.0,0.0,364.931,3.0
avenu-malkenu,84.0,0.047619047619047616,0.011904761904761904,0.0,194.651,12.5
axilla,113.0,0.061946902654867256,0.017699115044247787,0.0,224.392,9.0
axilla-part-ii,61.0,0.11475409836065574,0.04918032786885246,0.01639344262295082,271.125,7.0
baby-elephant-walk,2.0,0.0,0.0,0.0,336.614,28.0
baby-lemonade,2.0,0.0,0.0,0.0,132.65,21.0
babylon-baby,3.0,0.0,0.0,0.0,416.287,9.0
babylon-is-burning,1.0,0.0,0.0,0.0,357.642,12.0
back-at-the-chicken-shack,9.0,0.1111111111111111,0.1111111111111111,0.0,408.4375,3.0
back-in-the-bubble,1.0,0.0,0.0,0.0,399.624,4.0
back-in-the-u-s-s-r,3.0,0.0,0.0,0.0,211.357,13.0
back-on-the-train,171.0,0.07602339181286549,0.011695906432748537,0.0,453.46,5.0
back-porch-boogie-blues,9.0,0.0,0.0,0.0,405.238,4.0
backwards-down-the-number-line,145.0,0.0896551724137931,0.006896551724137931,0.006896551724137931,467.1735,15.0
band-crew-football-theme-song,2.0,0.0,0.0,0.0,272.144,12.5
basin-street-blues,1.0,0.0,0.0,0.0,364.931,18.0
bathtub-gin,320.0,0.66875,0.209375,0.059375,692.01,8.0
beaumont-rag,4.0,0.0,0.0,0.0,180.16649999999998,18.5
beauty-of-a-broken-heart,15.0,0.0,0.0,0.0,332.251,8.0
beauty-of-my-dreams,57.0,0.03508771929824561,0.0,0.0,190.1845,5.0
been-caught-stealing,6.0,0.0,0.0,0.0,252.97,17.0
bell-boy,1.0,0.0,0.0,0.0,274.155,23.0
beneath-a-sea-of-stars-part-1,21.0,0.42857142857142855,0.23809523809523808,0.09523809523809523,571.22,14.0
bertha,3.0,0.0,0.0,0.0,579.84,3.0
big-alligator,1.0,0.0,0.0,0.0,187.011,7.0
big-ball-jam,103.0,0.019417475728155338,0.0,0.0,167.34,18.0
big-balls,1.0,0.0,0.0,0.0,189.884,14.0
big-black-furry-creature-from-mars,144.0,0.027777777777777776,0.0,0.0,274.965,19.0
big-leg-emma,7.0,0.0,0.0,0.0,294.139,7.0
big-pimpin,1.0,0.0,0.0,0.0,195.657,13.0
bike,43.0,0.09302325581395349,0.046511627906976744,0.023255813953488372,335.7,19.0
bill-bailey-won-t-you-please-come-home,8.0,0.0,0.0,0.0,284.65650000000005,15.0
billie-jean,1.0,1.0,0.0,0.0,637.205,18.0
billy-breathes,66.0,0.015151515151515152,0.0,0.0,372.8845,7.5
birds-of-a-feather,140.0,0.22857142857142856,0.08571428571428572,0.02142857142857143,465.998,9.5
birthday,1.0,0.0,0.0,0.0,218.436,30.0
bitchin-again,1.0,0.0,0.0,0.0,275.184,32.0
bittersweet-motel,19.0,0.0,0.0,0.0,238.446,16.0
black-and-tan-fantasy,1.0,0.0,0.0,0.0,202.971,17.0
black-eyed-katy,7.0,0.2857142857142857,0.0,0.0,491.468,4.0
blackberry-blossom,1.0,0.0,0.0,0.0,102.48,1.0
blackbird,2.0,0.0,0.0,0.0,136.90800000000002,19.0
blaze-on,95.0,0.42105263157894735,0.08421052631578947,0.021052631578947368,551.208,9.0
bliss,2.0,0.0,0.0,0.0,208.284,11.5
blister-in-the-sun,4.0,0.0,0.0,0.0,86.8175,13.5
blue-bayou,2.0,0.0,0.0,0.0,179.5525,23.5
blue-bossa,2.0,0.0,0.0,0.0,435.187,16.0
blue-monk,3.0,0.0,0.0,0.0,284.00350000000003,8.0
blue-moon,1.0,0.0,0.0,0.0,234.214,29.0
blue-skies,1.0,0.0,0.0,0.0,179.696,5.0
blue-sky,1.0,0.0,0.0,0.0,221.858,10.0
bobby-jean,1.0,0.0,0.0,0.0,284.056,13.0
bohemian-rhapsody,2.0,0.0,0.0,0.0,323.29449999999997,22.5
bold-as-love,85.0,0.023529411764705882,0.0,0.0,361.064,17.0
boogie-on-reggae-woman,95.0,0.10526315789473684,0.031578947368421054,0.010526315789473684,377.2475,14.0
born-to-run,1.0,0.0,0.0,0.0,372.245,18.0
born-under-punches-the-heat-goes-on,1.0,0.0,0.0,0.0,419.448,11.0
bouncing-around-the-room,493.0,0.02636916835699797,0.010141987829614604,0.004056795131845842,225.11,8.0
box-of-rain,1.0,0.0,0.0,0.0,335.073,1.0
brain-damage,1.0,0.0,0.0,0.0,102.687,22.0
breath-and-burning,18.0,0.05555555555555555,0.0,0.0,373.1855,3.0
breathe,2.0,0.0,0.0,0.0,318.315,15.0
brian-and-robert,53.0,0.05660377358490566,0.0,0.0,241.998,8.0
bring-it-on-home,1.0,0.0,0.0,0.0,407.615,10.0
broken-heart-attack,1.0,0.0,0.0,0.0,139.32,16.0
broken-into-pieces,2.0,0.0,0.0,0.0,358.022,6.0
brother,60.0,0.016666666666666666,0.0,0.0,345.0905,10.0
brown-eyed-girl,1.0,0.0,0.0,0.0,293.669,22.0
buffalo-bill,23.0,0.0,0.0,0.0,180.297,15.0
bug,100.0,0.14,0.0,0.0,473.548,17.0
bundle-of-joy,10.0,0.2,0.1,0.0,138.9845,15.0
buried-alive,173.0,0.023121387283236993,0.0,0.0,162.09,2.0
burn-that-bridge,1.0,0.0,0.0,0.0,440.137,5.0
burning-down-the-house,1.0,0.0,0.0,0.0,361.273,16.0
bye-bye-foot,7.0,0.0,0.0,0.0,258.45550000000003,8.0
california-love,1.0,0.0,0.0,0.0,294.269,17.0
call-it-stormy-monday-but-tuesday-is-just-as-bad,1.0,0.0,0.0,0.0,364.931,2.0
camel-walk,66.0,0.030303030303030304,0.030303030303030304,0.0,324.545,7.0
can-t-always-listen,2.0,0.0,0.0,0.0,360.111,6.5
can-t-you-hear-me-knocking,4.0,0.25,0.25,0.0,519.693,6.0
cannonball,1.0,0.0,0.0,0.0,348.97,19.0
caravan,45.0,0.1111111111111111,0.0,0.0,424.45050000000003,13.0
carefree,1.0,1.0,0.0,0.0,606.824,6.0
carini,153.0,0.40522875816993464,0.1503267973856209,0.058823529411764705,537.091,12.0
carolina,85.0,0.023529411764705882,0.0,0.0,99.265,14.0
cars-trucks-buses,89.0,0.02247191011235955,0.02247191011235955,0.011235955056179775,276.14,4.0
casino-boogie,1.0,0.0,0.0,0.0,372.663,13.0
casual-enlightenment,3.0,0.0,0.0,0.0,387.336,9.0
catapult,36.0,0.1388888888888889,0.05555555555555555,0.0,205.77949999999998,12.0
cathy-s-clown,1.0,0.0,0.0,0.0,220.896,1.0
cavern,487.0,0.043121149897330596,0.008213552361396304,0.002053388090349076,282.34450000000004,11.0
cecilia,1.0,0.0,0.0,0.0,131.056,18.0
chalk-dust-torture,530.0,0.15849056603773584,0.07169811320754717,0.026415094339622643,425.064,9.0
chalk-dust-torture-reprise,6.0,0.0,0.0,0.0,189.72,21.5
champagne-supernova,1.0,0.0,0.0,0.0,111.177,20.0
character-zero,261.0,0.06513409961685823,0.007662835249042145,0.0038314176245210726,446.119,15.0
chariots-of-fire,1.0,0.0,0.0,0.0,215.406,15.0
che-hun-ta-mo,1.0,0.0,0.0,0.0,249.861,6.0
chocolate-rain,1.0,0.0,0.0,0.0,180.611,1.0
choo-choo-ch-boogie,1.0,0.0,0.0,0.0,330.227,25.0
cinnamon-girl,5.0,0.0,0.0,0.0,278.0905,17.0
cities,115.0,0.17391304347826086,0.06086956521739131,0.008695652173913044,418.038,8.0
clear-your-mind,4.0,0.0,0.0,0.0,424.296,6.5
clod,11.0,0.0,0.0,0.0,301.4665,18.0
clone,1.0,0.0,0.0,0.0,273.607,2.0
cocaine,1.0,0.0,0.0,0.0,389.747,17.0
coconut,1.0,0.0,0.0,0.0,150.152,17.0
cold-as-ice,85.0,0.047058823529411764,0.011764705882352941,0.0,185.6,22.0
cold-rain-and-snow,1.0,1.0,1.0,0.0,962.795,19.0
cold-water,1.0,0.0,0.0,0.0,313.365,9.0
colonel-forbin-s-ascent,129.0,0.26356589147286824,0.015503875968992248,0.0,441.2735,7.0
come-on-baby-let-s-go-downtown,2.0,0.0,0.0,0.0,212.1535,3.5
come-on-part-one,1.0,0.0,0.0,0.0,318.119,30.0
come-together,3.0,0.3333333333333333,0.0,0.0,450.8215,14.0
communication-breakdown,7.0,0.0,0.0,0.0,258.351,14.0
contact,176.0,0.03409090909090909,0.011363636363636364,0.005681818181818182,396.513,19.0
cool-amber-and-mercury,8.0,0.0,0.0,0.0,445.284,8.0
cool-it-down,12.0,0.08333333333333333,0.0,0.0,410.462,7.5
cool-jerk,1.0,0.0,0.0,0.0,565.656,20.0
corinna,31.0,0.03225806451612903,0.0,0.0,299.442,11.0
corona,1.0,0.0,0.0,0.0,374.7,11.0
costume-contest,3.0,0.3333333333333333,0.3333333333333333,0.0,444.578,13.0
cracklin-rosie,52.0,0.07692307692307693,0.0,0.0,187.011,21.0
crazy-sometimes,9.0,0.1111111111111111,0.0,0.0,441.365,7.0
crimes-of-the-mind,8.0,0.0,0.0,0.0,374.24350000000004,19.0
crosseyed-and-painless,72.0,0.7638888888888888,0.2361111111111111,0.05555555555555555,754.377,13.0
crossroads,9.0,0.1111111111111111,0.0,0.0,293.59,15.0
crowd-control,23.0,0.043478260869565216,0.0,0.0,278.736,1.0
cry-baby-cry,5.0,0.0,0.0,0.0,253.858,7.0
cryin,1.0,0.0,0.0,0.0,284.891,16.0
cut-my-hair,1.0,0.0,0.0,0.0,230.034,13.0
dahlia,1.0,0.0,0.0,0.0,347.298,25.0
daniel-saw-the-stone,24.0,0.0,0.0,0.0,213.7995,9.5
dave-s-energy-guide,23.0,0.043478260869565216,0.0,0.0,274.495,11.0
david-bowie,507.0,0.8402366863905325,0.20315581854043394,0.03550295857988166,743.6279999999999,12.0
day-or-night,1.0,0.0,0.0,0.0,342.909,16.0
day-tripper,1.0,0.0,0.0,0.0,509.38800000000003,5.0
dazed-and-confused,1.0,0.0,0.0,0.0,365.714,8.0
dear-mrs-reagan,13.0,0.0,0.0,0.0,285.022,14.0
dear-prudence,3.0,0.0,0.0,0.0,239.016,14.0
death-don-t-hurt-very-long,13.0,0.0,0.0,0.0,375.06600000000003,14.0
dec-1661,1.0,0.0,0.0,0.0,357.642,13.0
dem-bones,3.0,0.0,0.0,0.0,157.257,19.0
demand,16.0,0.0625,0.0,0.0,114.23349999999999,7.5
destiny-unbound,56.0,0.0,0.0,0.0,379.533,7.5
devil-with-a-blue-dress-on-jam,1.0,0.0,0.0,0.0,447.4515,9.0
devotion-to-a-dream,22.0,0.045454545454545456,0.0,0.0,406.2435,6.0
diamond-girl,1.0,0.0,0.0,0.0,399.83,29.0
digital-delay-loop-jam,10.0,0.6,0.1,0.1,607.869,15.5
dinner-and-a-movie,150.0,0.02,0.006666666666666667,0.0,220.16,9.0
dirt,81.0,0.04938271604938271,0.024691358024691357,0.0,274.051,7.0
discern,4.0,0.75,0.0,0.0,621.9884999999999,10.0
divided-sky,443.0,0.8668171557562077,0.24830699774266365,0.0,820.3885,6.0
dixie-cannonball,1.0,0.0,0.0,0.0,158.746,4.0
dixie-chicken,1.0,0.0,0.0,0.0,536.189,19.0
doctor-jimmy,1.0,0.0,0.0,0.0,513.829,24.0
dog-faced-boy,55.0,0.0,0.0,0.0,149.316,9.0
dog-log,30.0,0.03333333333333333,0.0,0.0,277.0415,9.0
dogs-stole-things,44.0,0.0,0.0,0.0,271.83,3.0
doin-my-time,2.0,0.0,0.0,0.0,395.115,8.0
don-t-bogart-that-joint,2.0,0.0,0.0,0.0,131.422,12.0
don-t-doubt-me,5.0,0.4,0.0,0.0,554.841,13.0
don-t-get-me-wrong,3.0,0.3333333333333333,0.0,0.0,431.595,16.0
don-t-pass-me-by,1.0,0.0,0.0,0.0,146.184,26.0
don-t-want-you-no-more,2.0,0.0,0.0,0.0,374.909,8.0
don-t-you-want-to-go,6.0,0.0,0.0,0.0,368.091,1.5
donna-lee,28.0,0.0,0.0,0.0,277.9165,9.0
dooley,2.0,0.0,0.0,0.0,183.5815,6.0
down-by-the-river,1.0,1.0,1.0,0.0,1144.398,6.0
down-home-dirty-blues,1.0,0.0,0.0,0.0,446.537,7.0
down-with-disease,337.0,0.6439169139465876,0.34124629080118696,0.10682492581602374,731.5854999999999,11.0
dr-gabel,1.0,0.0,0.0,0.0,430.315,8.0
drift-while-you-re-sleeping,31.0,0.9032258064516129,0.03225806451612903,0.0,739.892,11.0
drifting,1.0,0.0,0.0,0.0,556.251,4.0
drive-in-jam,1.0,1.0,1.0,1.0,1344.880319999996,32.0
driver,41.0,0.0,0.0,0.0,232.725,8.0
drowned,48.0,0.8541666666666666,0.3333333333333333,0.125,817.946,12.0
drums,11.0,0.09090909090909091,0.09090909090909091,0.0,366.0,11.0
dust-in-the-wind,1.0,0.0,0.0,0.0,112.718,8.0
earache-my-eye,1.0,0.0,0.0,0.0,516.258,13.0
easy-to-slip,1.0,0.0,0.0,0.0,523.363,12.0
eclipse,1.0,0.0,0.0,0.0,381.1,23.0
egg-in-a-hole,5.0,0.0,0.0,0.0,296.976,10.0
el-paso,1.0,0.0,0.0,0.0,415.112,18.0
eliza,22.0,0.045454545454545456,0.0,0.0,92.591,12.0
emotional-rescue,6.0,0.5,0.3333333333333333,0.0,591.125,3.0
end-of-session,2.0,0.0,0.0,0.0,220.968,9.0
energy,10.0,0.6,0.0,0.0,651.3765000000001,12.0
esther,136.0,0.08823529411764706,0.0,0.0,549.512,7.0
ether-edge,12.0,0.5833333333333334,0.25,0.08333333333333333,740.328,10.0
evening-song,5.0,0.0,0.0,0.0,226.351,1.0
everybody-s-got-something-to-hide-except-me-and-my-monkey,2.0,0.0,0.0,0.0,327.6405,17.0
everyday-i-have-the-blues,1.0,1.0,1.0,1.0,1403.977,5.0
everything-in-its-right-place,1.0,0.0,0.0,0.0,595.67,13.0
everything-is-hollow,4.0,0.0,0.0,0.0,355.1835,5.5
everything-s-right,69.0,0.8405797101449275,0.36231884057971014,0.07246376811594203,794.044,12.0
evolve,28.0,0.03571428571428571,0.0,0.0,409.092,6.0
eyes-of-the-world,3.0,1.0,0.6666666666666666,0.0,952.32,12.0
faht,12.0,0.25,0.16666666666666666,0.0,248.35899999999998,17.5
family-picture,2.0,0.0,0.0,0.0,251.716,13.0
farmhouse,93.0,0.03225806451612903,0.0,0.0,362.24,9.0
fast-enough-for-you,79.0,0.05063291139240506,0.012658227848101266,0.0,401.0975,7.0
fat-man-in-the-bathtub,3.0,0.0,0.0,0.0,283.752,10.0
feats-don-t-fail-me-now,1.0,0.0,0.0,0.0,420.023,26.0
fee,288.0,0.0625,0.013888888888888888,0.006944444444444444,326.687,9.0
feel-the-heat,1.0,0.0,0.0,0.0,145.44,23.0
fikus,6.0,0.16666666666666666,0.0,0.0,209.9865,5.5
final-flight,1.0,0.0,0.0,0.0,266.24,7.0
fire,138.0,0.014492753623188406,0.007246376811594203,0.0,287.36,20.0
fire-on-the-mountain,2.0,0.0,0.0,0.0,518.0735,9.0
fire-up-the-ganja,1.0,1.0,1.0,0.0,916.088,3.0
first-tube,142.0,0.09154929577464789,0.007042253521126761,0.0,479.869,15.5
five-years,2.0,0.0,0.0,0.0,311.001,11.0
fixin-to-die,2.0,0.0,0.0,0.0,361.613,22.0
flat-fee,21.0,0.047619047619047616,0.0,0.0,179.8665,10.0
flatbed-truck-jam,1.0,1.0,0.0,0.0,819.043,30.0
fluff-s-travels,1.0,0.0,0.0,0.0,364.931,1.0
fluffhead,290.0,0.8310344827586207,0.2793103448275862,0.020689655172413793,869.616,12.0
fly-famous-mockingbird,141.0,0.07092198581560284,0.014184397163120567,0.0,382.041,8.0
fly-like-an-eagle,1.0,0.0,0.0,0.0,318.851,26.0
foam,355.0,0.10985915492957747,0.005633802816901409,0.0,506.331,3.0
foggy-mountain-breakdown,1.0,0.0,0.0,0.0,419.239,10.0
fooled-around-and-fell-in-love,1.0,0.0,0.0,0.0,253.048,17.0
foreplay-long-time,17.0,0.17647058823529413,0.0,0.0,431.282,20.0
four,1.0,0.0,0.0,0.0,364.931,5.0
four-strong-winds,1.0,0.0,0.0,0.0,267.546,11.0
frankenstein,94.0,0.02127659574468085,0.010638297872340425,0.0,302.72,16.0
frankie-says,32.0,0.125,0.03125,0.0,355.082,8.0
free,238.0,0.21428571428571427,0.04201680672268908,0.012605042016806723,518.322,9.0
free-bird,28.0,0.03571428571428571,0.0,0.0,268.225,21.0
free-man-in-paris,1.0,0.0,0.0,0.0,255.321,7.0
freeworld,1.0,0.0,0.0,0.0,219.037,12.0
friday,13.0,0.07692307692307693,0.0,0.0,488.176,15.0
friend,1.0,0.0,0.0,0.0,424.15,7.0
friends,2.0,0.0,0.0,0.0,290.35450000000003,8.5
frost,6.0,0.0,0.0,0.0,333.49199999999996,7.0
fuck-your-face,21.0,0.0,0.0,0.0,143.282,11.0
fuego,97.0,0.7525773195876289,0.20618556701030927,0.030927835051546393,677.4725,13.0
funky-bitch,237.0,0.0379746835443038,0.02531645569620253,0.0,388.663,6.0
funky-breakdown,1.0,1.0,0.0,0.0,809.456,21.0
further-on-up-the-road,1.0,0.0,0.0,0.0,501.198,1.0
garden-party,1.0,0.0,0.0,0.0,237.244,1.0
gaul-swerves-and-the-rest-is-everything-else,1.0,0.0,0.0,0.0,273.058,24.0
get-more-down,1.0,1.0,0.0,0.0,609.097,9.0
gettin-jiggy-wit-it,1.0,1.0,0.0,0.0,768.34,20.0
ghost,234.0,0.7692307692307693,0.32905982905982906,0.07264957264957266,749.7275,12.0
ghosts-of-the-forest,1.0,0.0,0.0,0.0,322.488,15.0
ginseng-sullivan,86.0,0.011627906976744186,0.0,0.0,224.405,7.0
girls-girls-girls,1.0,0.0,0.0,0.0,395.304,17.0
glass-onion,1.0,0.0,0.0,0.0,164.415,15.0
glide,118.0,0.0423728813559322,0.0,0.0,273.006,9.5
glide-ii,3.0,0.0,0.0,0.0,223.972,9.0
gloria,2.0,0.0,0.0,0.0,146.926,14.0
glory-days,1.0,0.0,0.0,0.0,405.864,14.0
goin-down-slow,3.0,0.0,0.0,0.0,274.79499999999996,17.0
gold-soundz,1.0,0.0,0.0,0.0,225.097,3.0
golden-age,85.0,0.7176470588235294,0.25882352941176473,0.07058823529411765,752.797,13.0
golden-lady,2.0,0.0,0.0,0.0,277.6945,4.5
golgi-apparatus,482.0,0.012448132780082987,0.0,0.0,288.026,11.0
gone,3.0,0.0,0.0,0.0,329.391,9.0
good-times-bad-times,230.0,0.02608695652173913,0.008695652173913044,0.0,351.843,19.0
goodbye-jam,1.0,0.0,0.0,0.0,63.843,5.0
got-my-mojo-working,1.0,0.0,0.0,0.0,280.059,5.0
gotta-jibboo,105.0,0.5523809523809524,0.0380952380952381,0.0,609.6455000000001,10.0
green-onions,1.0,0.0,0.0,0.0,364.931,23.0
grind,31.0,0.0,0.0,0.0,117.211,20.0
guelah-papyrus,212.0,0.009433962264150943,0.0,0.0,344.398,5.0
gumbo,124.0,0.1935483870967742,0.04838709677419355,0.0,360.385,6.0
guy-forget,4.0,0.5,0.5,0.25,624.7475,13.5
guyute,135.0,0.8740740740740741,0.007407407407407408,0.0,640.104,7.0
gypsy-queen,3.0,0.0,0.0,0.0,460.147,7.0
ha-ha-ha,34.0,0.029411764705882353,0.0,0.0,115.92,5.5
halfway-home,1.0,0.0,0.0,0.0,443.04,9.0
halfway-to-the-moon,55.0,0.03636363636363636,0.0,0.0,438.805,7.0
halley-s-comet,158.0,0.189873417721519,0.056962025316455694,0.02531645569620253,367.656,8.0
hang-on-to-yourself,1.0,0.0,0.0,0.0,273.946,20.0
happiness-is-a-warm-gun,2.0,0.0,0.0,0.0,160.2745,12.0
happy,1.0,0.0,0.0,0.0,261.878,19.0
happy-birthday-to-you,23.0,0.043478260869565216,0.0,0.0,133.94299999999998,10.0
harpua,86.0,0.4418604651162791,0.10465116279069768,0.023255813953488372,583.288,19.0
harry-hood,441.0,0.8412698412698413,0.19954648526077098,0.02947845804988662,781.087,17.0
have-mercy,17.0,0.058823529411764705,0.0,0.0,321.855,16.0
head-held-high,2.0,0.0,0.0,0.0,391.02700000000004,10.0
heart-and-soul,1.0,0.0,0.0,0.0,55.484,16.0
heartbreaker,2.0,0.5,0.0,0.0,514.4155000000001,15.0
heavy-rotation,3.0,0.0,0.0,0.0,353.933,4.0
heavy-things,102.0,0.0196078431372549,0.0196078431372549,0.0,356.702,6.0
hello-my-baby,57.0,0.08771929824561403,0.03508771929824561,0.017543859649122806,103.419,17.0
help-me,1.0,0.0,0.0,0.0,326.713,21.0
help-on-the-way,1.0,0.0,0.0,0.0,520.281,8.0
helpless,1.0,0.0,0.0,0.0,464.353,10.0
helpless-dancer,1.0,0.0,0.0,0.0,140.852,17.0
helter-skelter,2.0,0.0,0.0,0.0,211.174,18.0
hey-stranger,15.0,0.13333333333333333,0.0,0.0,496.944,6.0
hey-you,1.0,0.0,0.0,0.0,501.198,3.0
high-heel-sneakers,1.0,0.0,0.0,0.0,347.82,10.0
highway-to-hell,77.0,0.0,0.0,0.0,228.5845,21.0
hold-to-a-dream,1.0,0.0,0.0,0.0,186.671,9.0
hold-whatcha-got,1.0,0.0,0.0,0.0,297.143,17.0
hold-your-head-up,538.0,0.08736059479553904,0.01858736059479554,0.0055762081784386614,197.198,20.0
home,7.0,0.0,0.0,0.0,524.408,5.0
honey-pie,1.0,0.0,0.0,0.0,162.011,38.0
honky-tonk-women,2.0,0.0,0.0,0.0,537.9395,19.5
hoochie-coochie-man,2.0,0.0,0.0,0.0,497.4105,18.0
horn,177.0,0.01694915254237288,0.0,0.0,227.644,7.0
hotel-california,1.0,0.0,0.0,0.0,364.931,2.0
houses-in-motion,1.0,0.0,0.0,0.0,536.764,15.0
how-high-the-moon,6.0,0.0,0.0,0.0,259.3695,9.0
how-many-people-are-you,10.0,0.0,0.0,0.0,461.2575,5.5
human-nature,2.0,0.0,0.0,0.0,451.656,6.5
hurricane,1.0,0.0,0.0,0.0,541.649,2.0
i-always-wanted-it-this-way,23.0,0.5652173913043478,0.043478260869565216,0.043478260869565216,609.959,15.0
i-am-hydrogen,355.0,0.016901408450704224,0.0,0.0,173.688,13.0
i-am-in-miami,2.0,0.0,0.0,0.0,405.587,18.0
i-am-the-sea,1.0,0.0,0.0,0.0,211.461,10.0
i-am-the-walrus,9.0,0.0,0.0,0.0,425.587,14.0
i-been-around,9.0,0.0,0.0,0.0,145.344,11.0
i-been-to-georgia-on-a-fast-train,1.0,0.0,0.0,0.0,406.491,13.0
i-can-t-get-no-satisfaction,1.0,0.0,0.0,0.0,241.44,7.0
i-can-t-turn-you-loose,3.0,0.3333333333333333,0.0,0.0,461.53150000000005,13.0
i-didn-t-know,269.0,0.02973977695167286,0.011152416356877323,0.0037174721189591076,228.833,9.0
i-don-t-care,3.0,0.0,0.0,0.0,314.4225,11.0
i-found-a-reason,2.0,0.0,0.0,0.0,309.92999999999995,19.0
i-gave-my-love-a-cherry,1.0,0.0,0.0,0.0,446.537,8.0
i-get-a-kick-out-of-you,2.0,0.0,0.0,0.0,203.6115,8.5
i-just-want-to-see-his-face,1.0,0.0,0.0,0.0,435.566,22.0
i-kissed-a-girl,1.0,0.0,0.0,0.0,119.641,18.0
i-know-a-little,5.0,0.4,0.0,0.0,309.002,16.0
i-ll-come-running,2.0,0.0,0.0,0.0,212.323,13.0
i-m-blue-i-m-lonesome,31.0,0.0,0.0,0.0,177.058,9.0
i-m-gonna-be-500-miles,1.0,0.0,0.0,0.0,170.919,11.0
i-m-one,1.0,0.0,0.0,0.0,196.545,15.0
i-m-so-tired,2.0,0.0,0.0,0.0,358.0605,17.0
i-never-left-home,1.0,0.0,0.0,0.0,506.424,13.0
i-never-needed-you-like-this-before,14.0,0.07142857142857142,0.07142857142857142,0.0,360.05899999999997,5.0
i-shall-be-released,1.0,0.0,0.0,0.0,363.938,12.0
i-told-you-so,1.0,0.0,0.0,0.0,291.762,16.0
i-ve-got-you-under-my-skin,1.0,0.0,0.0,0.0,346.7235,13.0
i-ve-had-enough,1.0,0.0,0.0,0.0,220.552,19.0
i-ve-turned-bad,1.0,0.0,0.0,0.0,593.789,18.0
i-walk-the-line,10.0,0.0,0.0,0.0,238.746,17.5
i-wan-na-be-like-you,9.0,0.1111111111111111,0.0,0.0,418.8865,18.0
i-want-to-be-a-cowboy-s-sweetheart,1.0,0.0,0.0,0.0,393.456,21.0
i-will,1.0,0.0,0.0,0.0,166.243,28.0
i-wish,2.0,0.0,0.0,0.0,420.571,10.5
icculus,32.0,0.125,0.03125,0.03125,343.11800000000005,17.5
idea,1.0,0.0,0.0,0.0,485.747,15.0
if-6-was-9,1.0,1.0,1.0,0.0,932.624,8.0
if-i-could,68.0,0.014705882352941176,0.0,0.0,415.66,7.5
if-i-don-t-be-there-by-morning,1.0,0.0,0.0,0.0,364.931,12.0
if-i-only-had-a-brain,41.0,0.04878048780487805,0.0,0.0,205.061,20.0
if-you-need-a-fool,3.0,0.0,0.0,0.0,246.178,6.0
immigrant-song,2.0,0.0,0.0,0.0,364.94399999999996,16.0
in-a-hole,8.0,0.0,0.0,0.0,298.619,16.5
in-a-mellow-tone,2.0,1.0,0.0,0.0,889.731,6.5
in-the-aeroplane-over-the-sea,1.0,0.0,0.0,0.0,375.85,6.0
in-the-good-old-summer-time,2.0,0.0,0.0,0.0,186.64600000000002,10.0
in-the-midnight-hour,5.0,0.0,0.0,0.0,374.413,5.0
infinite,2.0,0.0,0.0,0.0,521.7045,5.5
instant-karma,3.0,0.0,0.0,0.0,255.582,11.0
intro,1.0,0.0,0.0,0.0,212.568,12.0
invisible,2.0,0.0,0.0,0.0,263.706,4.0
iron-man,2.0,0.0,0.0,0.0,239.228,24.0
is-it-in-my-head,1.0,0.0,0.0,0.0,343.197,18.0
is-this-what-you-wanted,1.0,0.0,0.0,0.0,337.972,30.0
it-ain-t-easy,1.0,0.0,0.0,0.0,210.782,17.0
it-s-all-right,1.0,0.0,0.0,0.0,490.005,23.0
it-s-ice,257.0,0.0933852140077821,0.011673151750972763,0.0,513.946,7.0
izabella,21.0,0.0,0.0,0.0,331.703,14.0
jagermeister-song,2.0,0.0,0.0,0.0,240.927,17.5
jam,107.0,0.1588785046728972,0.07476635514018691,0.037383177570093455,389.4725,11.0
jennifer-dances,4.0,0.0,0.0,0.0,313.339,14.5
jessica,1.0,0.0,0.0,0.0,169.691,14.0
jesus-just-left-chicago,82.0,0.34146341463414637,0.024390243902439025,0.012195121951219513,551.9675,14.5
john-hardy,1.0,0.0,0.0,0.0,196.536,6.0
johnny-b-goode,23.0,0.13043478260869565,0.043478260869565216,0.0,313.783,17.0
joy,58.0,0.017241379310344827,0.0,0.0,348.66949999999997,16.0
julia,1.0,0.0,0.0,0.0,140.304,29.0
julius,240.0,0.11666666666666667,0.0125,0.008333333333333333,491.1805,13.0
jump-monk,2.0,0.0,0.0,0.0,268.5515,3.5
jumpin-jack-flash,1.0,0.0,0.0,0.0,385.881,17.0
jungle-boogie,2.0,0.0,0.0,0.0,308.472,19.0
keeping-it-real,2.0,0.5,0.0,0.0,504.01199999999994,7.0
keyboard-army,15.0,0.0,0.0,0.0,247.954,15.0
kill-devil-falls,122.0,0.28688524590163933,0.06557377049180328,0.01639344262295082,521.979,5.0
killer-joe,1.0,0.0,0.0,0.0,346.7235,11.0
killing-in-the-name,1.0,0.0,0.0,0.0,288.758,20.0
knuckle-bone-broth-avenue,3.0,0.0,0.0,0.0,412.272,3.0
kung,39.0,0.1282051282051282,0.0,0.0,220.891,15.0
l-a-woman,3.0,0.0,0.0,0.0,351.984,12.0
la-grange,82.0,0.04878048780487805,0.0,0.0,317.29650000000004,13.0
lady-stardust,1.0,0.0,0.0,0.0,211.409,18.0
lawn-boy,223.0,0.02242152466367713,0.008968609865470852,0.008968609865470852,180.7025,10.0
layla,1.0,0.0,0.0,0.0,484.232,11.0
le-freak,1.0,0.0,0.0,0.0,364.931,4.0
leaves,17.0,0.058823529411764705,0.058823529411764705,0.0,481.152,8.0
legalize-it,1.0,0.0,0.0,0.0,449.306,21.0
lengthwise,32.0,0.0625,0.03125,0.0,128.313,18.5
leprechaun,3.0,0.0,0.0,0.0,261.564,16.0
let-it-loose,3.0,0.0,0.0,0.0,358.766,13.0
let-me-lie,11.0,0.0,0.0,0.0,331.8075,10.0
let-s-go,13.0,0.0,0.0,0.0,325.956,20.0
letter-to-jimmy-page,99.0,0.12121212121212122,0.050505050505050504,0.0,201.7175,9.0
life-on-mars,23.0,0.0,0.0,0.0,205.192,16.0
life-saving-gun,15.0,0.8666666666666667,0.13333333333333333,0.0,780.672,9.0
lifeboy,62.0,0.08064516129032258,0.06451612903225806,0.03225806451612903,493.15250000000003,15.0
light,132.0,0.6818181818181818,0.17424242424242425,0.030303030303030304,713.979,14.0
light-up-or-leave-me-alone,20.0,0.1,0.0,0.0,470.5045,7.0
limb-by-limb,161.0,0.34782608695652173,0.031055900621118012,0.0,549.6685,9.0
liquid-time,1.0,0.0,0.0,0.0,447.4515,12.0
listening-wind,1.0,0.0,0.0,0.0,389.042,17.0
lit-o-bit,1.0,0.0,0.0,0.0,287.451,1.0
little-red-rooster,1.0,0.0,0.0,0.0,286.642,4.0
little-tiny-butter-biscuits,5.0,0.0,0.0,0.0,244.611,9.0
lively-up-yourself,1.0,0.0,0.0,0.0,490.527,25.0
llama,326.0,0.018404907975460124,0.003067484662576687,0.0,287.66,8.0
lonely-trip,24.0,0.125,0.041666666666666664,0.0,402.144,14.0
lonesome-cowboy-bill,9.0,0.1111111111111111,0.0,0.0,251.8075,8.0
long-cool-woman-in-a-black-dress,3.0,0.0,0.0,0.0,276.5845,6.0
long-long-long,1.0,0.0,0.0,0.0,323.004,36.0
look-out-cleveland,1.0,0.0,0.0,0.0,273.371,1.0
loup-garou,1.0,1.0,0.0,0.0,690.233,24.0
love-is-what-we-are,1.0,0.0,0.0,0.0,183.693,20.0
love-me,9.0,0.1111111111111111,0.0,0.0,174.263,7.0
love-me-like-a-man,1.0,0.0,0.0,0.0,232.542,17.0
love-reign-o-er-me,1.0,0.0,0.0,0.0,378.41,26.0
love-you,96.0,0.125,0.020833333333333332,0.0,351.569,21.0
loving-cup,155.0,0.05806451612903226,0.0064516129032258064,0.0,416.444,17.0
low-rider,7.0,0.0,0.0,0.0,219.46800000000002,12.0
lucky-seven,1.0,0.0,0.0,0.0,364.931,7.0
lullaby-of-birdland,1.0,0.0,0.0,0.0,360.856,9.0
lushington,8.0,0.0,0.0,0.0,352.94,8.0
magilla,72.0,0.027777777777777776,0.0,0.0,305.162,14.0
maiden-voyage,1.0,0.0,0.0,0.0,590.498,7.0
makisupa-policeman,115.0,0.0782608695652174,0.0,0.0,369.032,13.0
mallory,1.0,0.0,0.0,0.0,214.544,17.0
manteca,16.0,0.0625,0.0,0.0,107.964,16.5
maple-leaf-rag,1.0,0.0,0.0,0.0,39.105,9.0
marissa,1.0,0.0,0.0,0.0,339.2,6.0
martha-my-dear,1.0,0.0,0.0,0.0,123.115,21.0
martian-monster,53.0,0.09433962264150944,0.018867924528301886,0.0,309.1785,5.0
maybe,1.0,0.0,0.0,0.0,375.406,10.0
maze,350.0,0.5485714285714286,0.02857142857142857,0.0,608.209,8.0
mcgrupp-and-the-watchful-hosemasters,121.0,0.1487603305785124,0.008264462809917356,0.0,536.072,13.0
me-and-bobby-mcgee,1.0,0.0,0.0,0.0,364.931,1.0
mean-mr-mustard,1.0,0.0,0.0,0.0,110.498,21.0
meat,51.0,0.058823529411764705,0.0196078431372549,0.0,334.002,7.0
meatstick,77.0,0.1038961038961039,0.025974025974025976,0.012987012987012988,397.3225,15.0
mellow-mood,10.0,0.0,0.0,0.0,198.152,3.5
melt-the-guns,4.0,0.0,0.0,0.0,500.663,11.0
memories,42.0,0.0,0.0,0.0,78.681,21.0
mercenary-territory,1.0,0.0,0.0,0.0,309.603,17.0
mercury,43.0,0.7674418604651163,0.37209302325581395,0.09302325581395349,804.493,12.0
mercy,7.0,0.7142857142857143,0.7142857142857143,0.0,1022.088,13.0
merry-pranksters-jam,2.0,1.0,0.5,0.0,908.9565,19.0
messin-with-the-kid,2.0,0.0,0.0,0.0,438.217,18.5
metal-bagel-death,1.0,0.0,0.0,0.0,242.756,7.0
mexican-cousin,15.0,0.0,0.0,0.0,264.6205,8.0
middle-of-the-road,2.0,0.0,0.0,0.0,300.591,6.5
midnight-moonlight,1.0,0.0,0.0,0.0,346.56,11.0
midnight-on-the-highway,1.0,0.0,0.0,0.0,212.558,6.0
midnight-rider,2.0,0.0,0.0,0.0,232.908,9.5
mike-s-song,561.0,0.17647058823529413,0.053475935828877004,0.016042780748663103,448.261,13.0
mind-left-body-jam,8.0,0.125,0.125,0.0,473.548,13.0
minute-by-minute,3.0,0.0,0.0,0.0,439.58849999999995,20.0
mirror-in-the-bathroom,1.0,0.0,0.0,0.0,44.957,15.0
miss-you,20.0,0.0,0.0,0.0,447.744,14.0
misty-mountain-hop,4.0,0.5,0.25,0.0,625.058,15.5
mo-better-blues,2.0,0.0,0.0,0.0,346.7235,10.5
moby-dick,8.0,0.75,0.125,0.0,636.012,17.5
mock-song,3.0,0.0,0.0,0.0,261.251,6.0
money,1.0,0.0,0.0,0.0,426.005,19.0
monkey-man,1.0,0.0,0.0,0.0,405.133,16.0
monsters,11.0,0.0,0.0,0.0,468.024,13.0
moonage-daydream,10.0,0.0,0.0,0.0,390.533,9.5
moonlight-in-vermont,1.0,0.0,0.0,0.0,248.581,7.0
moose-the-mooche,1.0,0.0,0.0,0.0,298.005,15.0
more,51.0,0.0392156862745098,0.0196078431372549,0.0,359.1585,15.0
most-events-aren-t-planned,20.0,0.25,0.0,0.0,538.5685000000001,10.0
mother-nature-s-son,1.0,0.0,0.0,0.0,195.109,32.0
mound,119.0,0.04201680672268908,0.008403361344537815,0.0,353.724,8.0
mountain-dew,1.0,0.0,0.0,0.0,176.976,5.0
mountains-in-the-mist,45.0,0.06666666666666667,0.022222222222222223,0.0,434.502,10.0
mozambique,5.0,0.2,0.2,0.0,342.256,3.0
mr-completely,17.0,0.7647058823529411,0.5294117647058824,0.17647058823529413,989.712,11.0
mr-p-c,3.0,0.3333333333333333,0.0,0.0,459.416,3.0
mull,17.0,0.23529411764705882,0.0,0.0,522.2695,6.0
mustang-sally,9.0,0.1111111111111111,0.0,0.0,403.749,13.0
my-favorite-things,2.0,0.0,0.0,0.0,364.931,6.5
my-friend-my-friend,183.0,0.08743169398907104,0.04371584699453552,0.01092896174863388,388.232,8.0
my-funny-valentine,1.0,0.0,0.0,0.0,346.7235,5.0
my-generation,1.0,0.0,0.0,0.0,292.101,31.0
my-left-toe,5.0,0.2,0.2,0.0,553.378,13.0
my-life-as-a-pez,1.0,0.0,0.0,0.0,113.946,18.0
my-long-journey-home,16.0,0.0,0.0,0.0,209.04500000000002,15.0
my-mind-s-got-a-mind-of-its-own,47.0,0.02127659574468085,0.0,0.0,150.909,6.0
my-problem-right-there,3.0,0.0,0.0,0.0,351.242,18.0
my-sharona,1.0,0.0,0.0,0.0,509.38800000000003,3.0
my-soul,98.0,0.02040816326530612,0.01020408163265306,0.01020408163265306,375.458,4.0
my-sweet-one,256.0,0.03515625,0.0078125,0.0,150.7785,11.0
mystery-achievement,1.0,0.0,0.0,0.0,509.38800000000003,2.0
nellie-kane,76.0,0.02631578947368421,0.0,0.0,190.72,8.0
never,1.0,0.0,0.0,0.0,113.502,3.0
new-age,1.0,0.0,0.0,0.0,518.4,15.0
nicu,158.0,0.02531645569620253,0.006329113924050633,0.0,323.352,6.0
night-and-day,1.0,0.0,0.0,0.0,277.055,16.0
night-moves,1.0,0.0,0.0,0.0,109.349,4.0
night-nurse,1.0,0.0,0.0,0.0,235.468,20.0
ninety-nine-years-and-one-dark-day,1.0,0.0,0.0,0.0,247.719,8.0
no-dogs-allowed,6.0,0.16666666666666666,0.0,0.0,254.44549999999998,16.0
no-good-trying,3.0,0.0,0.0,0.0,179.644,20.0
no-men-in-no-man-s-land,84.0,0.5833333333333334,0.17857142857142858,0.05952380952380952,615.0535,10.0
no-quarter,20.0,0.1,0.05,0.0,462.346,15.0
no-reply-at-all,1.0,0.0,0.0,0.0,418.9,2.0
no2,9.0,0.0,0.0,0.0,192.052,11.0
not-fade-away,1.0,0.0,0.0,0.0,129.959,16.0
nothin-but-a-nothin,2.0,0.5,0.5,0.5,800.5277000000001,17.5
nothing,9.0,0.1111111111111111,0.0,0.0,352.705,7.0
nowhere-fast,1.0,0.0,0.0,0.0,142.002,17.0
o-canada,1.0,0.0,0.0,0.0,143.7,1.0
o-holy-night,1.0,0.0,0.0,0.0,138.083,14.0
o-mio-babbino-caro,1.0,0.0,0.0,0.0,173.009,22.0
ob-la-di-ob-la-da,2.0,0.0,0.0,0.0,177.26700000000002,18.5
oblivion,22.0,0.6818181818181818,0.3181818181818182,0.09090909090909091,706.284,11.0
ocelot,103.0,0.32038834951456313,0.0,0.0,570.3185000000001,6.0
oh-atlanta,1.0,0.0,0.0,0.0,249.731,13.0
oh-sweet-nuthin,6.0,0.0,0.0,0.0,453.4855,18.5
old-folks-boogie,1.0,0.0,0.0,0.0,308.193,14.0
olivia-s-pool,11.0,0.0,0.0,0.0,164.846,7.0
on-green-dolphin-street,2.0,0.0,0.0,0.0,364.931,5.5
on-my-knees,1.0,0.0,0.0,0.0,420.206,12.0
on-the-road-again,2.0,0.0,0.0,0.0,141.17899999999997,20.5
on-the-run,1.0,0.0,0.0,0.0,431.7,16.0
on-your-way-down,23.0,0.043478260869565216,0.0,0.0,386.717,8.0
once-in-a-lifetime,2.0,0.0,0.0,0.0,283.664,21.5
one-meatball,1.0,0.0,0.0,0.0,303.595,3.0
over-the-rainbow,7.0,0.0,0.0,0.0,287.3865,15.0
oye-como-va,1.0,0.0,0.0,0.0,330.227,21.0
p-funk-medley,1.0,1.0,1.0,0.0,1099.968,16.0
party-time,38.0,0.02631578947368421,0.0,0.0,453.4075,4.5
passing-through,6.0,0.0,0.0,0.0,384.887,14.5
paul-and-silas,92.0,0.07608695652173914,0.043478260869565216,0.03260869565217391,200.803,9.0
peaches-en-regalia,88.0,0.011363636363636364,0.0,0.0,204.983,7.0
pebbles-and-marbles,32.0,0.46875,0.15625,0.0,578.2705000000001,8.0
petrichor,14.0,0.8571428571428571,0.7857142857142857,0.0,981.8385000000001,7.0
phase-dance,4.0,0.0,0.0,0.0,471.915,7.5
piano-boogie-woogie-jam,1.0,0.0,0.0,0.0,346.7235,12.0
piano-duet,2.0,0.0,0.0,0.0,216.35899999999998,22.5
pig-in-a-pen,2.0,0.0,0.0,0.0,226.6645,17.0
piggies,2.0,0.0,0.0,0.0,210.312,14.0
pigtail,5.0,0.0,0.0,0.0,422.328,3.0
pillow-jets,14.0,0.42857142857142855,0.14285714285714285,0.07142857142857142,588.9965,13.0
piper,211.0,0.44075829383886256,0.1895734597156398,0.05687203791469194,582.7265,14.0
plasma,42.0,0.30952380952380953,0.023809523809523808,0.0,509.064,11.0
play-by-play,3.0,0.0,0.0,0.0,404.664,13.0
playing-in-the-band,1.0,1.0,0.0,0.0,690.077,20.0
please-send-me-someone-to-love,1.0,0.0,0.0,0.0,446.537,9.0
poor-heart,314.0,0.041401273885350316,0.0,0.0,156.21249999999998,6.0
possum,587.0,0.303236797274276,0.017035775127768313,0.005110732538330494,555.3375,11.0
powderfinger,1.0,0.0,0.0,0.0,390.949,17.0
prep-school-hippie,8.0,0.0,0.0,0.0,346.9975,8.0
prince-caspian,185.0,0.2,0.032432432432432434,0.005405405405405406,454.45849999999996,13.0
proud-mary,2.0,0.0,0.0,0.0,451.161,11.5
psycho-killer,4.0,0.0,0.0,0.0,180.23149999999998,12.5
punch-me-in-the-eye,1.0,0.0,0.0,0.0,364.042,7.0
punch-you-in-the-eye,168.0,0.06547619047619048,0.005952380952380952,0.0,498.9125,5.0
purple-rain,32.0,0.21875,0.125,0.09375,402.808,18.0
pusherman,1.0,0.0,0.0,0.0,123.664,27.0
quadrophenia,1.0,0.0,0.0,0.0,368.431,12.0
quadrophonic-toppling,2.0,1.0,1.0,1.0,1273.9789999999998,21.0
quinn-the-eskimo-the-mighty-quinn,39.0,0.0,0.0,0.0,336.875,20.0
ramble-on,3.0,0.3333333333333333,0.0,0.0,498.077,7.0
rapper-s-delight,1.0,0.0,0.0,0.0,312.869,15.0
reba,418.0,0.8947368421052632,0.11483253588516747,0.004784688995215311,747.076,7.0
rescue-squad,1.0,0.0,0.0,0.0,182.518,26.0
revival,1.0,0.0,0.0,0.0,296.856,7.0
revolution,4.0,0.0,0.0,0.0,516.807,16.0
revolution-1,1.0,0.0,0.0,0.0,159.425,37.0
revolution-9,1.0,0.0,0.0,0.0,330.736,41.0
revolution-s-over,1.0,0.0,0.0,0.0,347.298,26.0
rhinoceros,1.0,0.0,0.0,0.0,455.941,1.0
rhombus-narration,12.0,0.16666666666666666,0.08333333333333333,0.0,234.372,6.5
rhymes,1.0,0.0,0.0,0.0,360.777,7.0
ride-captain-ride,17.0,0.0,0.0,0.0,338.50800000000004,10.0
rift,320.0,0.021875,0.003125,0.0,369.39300000000003,6.0
rip-this-joint,1.0,0.0,0.0,0.0,173.192,11.0
rise-come-together,19.0,0.15789473684210525,0.05263157894736842,0.05263157894736842,338.024,14.0
roadhouse-blues,1.0,0.0,0.0,0.0,515.762,5.0
roadrunner,1.0,0.0,0.0,0.0,348.761,1.0
rock-a-william,6.0,0.0,0.0,0.0,409.94,15.0
rock-and-roll,95.0,0.5157894736842106,0.12631578947368421,0.010526315789473684,605.7275,14.0
rock-and-roll-all-nite,1.0,0.0,0.0,0.0,248.189,28.0
rock-and-roll-part-two,1.0,0.0,0.0,0.0,121.208,1.0
rock-me-baby,1.0,1.0,0.0,0.0,734.616,7.0
rock-n-roll-suicide,2.0,0.0,0.0,0.0,229.82549999999998,22.0
rocket-in-my-pocket,2.0,0.0,0.0,0.0,289.76300000000003,13.5
rocket-man,1.0,0.0,0.0,0.0,264.49,18.0
rocks-off,1.0,0.0,0.0,0.0,310.282,10.0
rocky-mountain-way,2.0,0.0,0.0,0.0,151.876,21.0
rocky-raccoon,1.0,0.0,0.0,0.0,176.013,25.0
rocky-top,207.0,0.033816425120772944,0.00966183574879227,0.0,171.598,21.0
roggae,115.0,0.14782608695652175,0.008695652173913044,0.0,522.88,6.0
roll-in-my-sweet-baby-s-arms,2.0,0.0,0.0,0.0,258.1895,13.0
roll-like-a-cantaloupe,4.0,0.5,0.0,0.0,646.204,16.0
roses-are-free,53.0,0.1320754716981132,0.07547169811320754,0.05660377358490566,330.998,7.0
rotation-jam,4.0,0.25,0.0,0.0,341.355,14.5
round-room,7.0,0.2857142857142857,0.0,0.0,368.901,7.0
ruby-waves,42.0,0.8095238095238095,0.42857142857142855,0.16666666666666666,866.508,13.0
run-like-an-antelope,504.0,0.7559523809523809,0.051587301587301584,0.003968253968253968,657.1625,12.0
runaway-jim,413.0,0.15738498789346247,0.048426150121065374,0.021791767554479417,474.436,6.0
runnin-with-the-devil,1.0,0.0,0.0,0.0,253.127,22.0
running-out-of-time,2.0,0.0,0.0,0.0,201.7045,11.0
sabotage,6.0,0.0,0.0,0.0,219.964,20.0
sad-lisa,1.0,0.0,0.0,0.0,258.403,10.0
sailin-shoes,1.0,0.0,0.0,0.0,297.273,25.0
sample-in-a-jar,314.0,0.025477707006369428,0.006369426751592357,0.0,307.174,6.5
samson-and-delilah,1.0,0.0,0.0,0.0,403.722,16.0
samson-variation,4.0,0.25,0.25,0.0,327.30100000000004,12.5
sand,159.0,0.6163522012578616,0.13836477987421383,0.03773584905660377,623.9345000000001,12.0
sanity,46.0,0.021739130434782608,0.0,0.0,336.64,14.5
satin-doll,20.0,0.0,0.0,0.0,291.187,9.5
savoy-truffle,1.0,0.0,0.0,0.0,281.469,39.0
saw-it-again,52.0,0.038461538461538464,0.019230769230769232,0.0,368.8245,9.5
say-it-to-me-s-a-n-t-o-s,51.0,0.0392156862745098,0.0196078431372549,0.0,362.172,18.0
say-something,2.0,0.5,0.0,0.0,638.864,12.0
scabbard,2.0,0.0,0.0,0.0,334.3805,5.5
scarlet-begonias,3.0,0.3333333333333333,0.0,0.0,555.4339399999999,8.0
scent-of-a-mule,147.0,0.3469387755102041,0.013605442176870748,0.006802721088435374,526.3935,10.0
scents-and-subtle-sounds,49.0,0.6326530612244898,0.30612244897959184,0.08163265306122448,709.251,13.0
sea-and-sand,4.0,0.0,0.0,0.0,210.821,17.5
secret-language-instructions,12.0,0.16666666666666666,0.0,0.0,237.20499999999998,14.0
secret-smile,9.0,0.0,0.0,0.0,308.088,14.0
see-that-my-grave-is-kept-clean,1.0,0.0,0.0,0.0,371.148,1.0
seen-and-not-seen,1.0,0.0,0.0,0.0,261.355,16.0
self,5.0,0.0,0.0,0.0,310.036,24.0
send-in-the-clowns,1.0,0.0,0.0,0.0,403.644,18.0
set-your-soul-free,47.0,0.7446808510638298,0.3617021276595745,0.19148936170212766,737.159,9.0
setting-sail,4.0,0.0,0.0,0.0,72.699,14.0
seven-below,53.0,0.4716981132075472,0.1509433962264151,0.07547169811320754,575.007,13.0
sexual-healing,4.0,0.0,0.0,0.0,371.226,16.0
sexy-sadie,1.0,0.0,0.0,0.0,264.072,34.0
shade,32.0,0.125,0.03125,0.0,301.872,10.0
shafty,10.0,0.0,0.0,0.0,204.2255,7.0
shaggy-dog,17.0,0.058823529411764705,0.058823529411764705,0.0,246.5045,9.0
shake-your-coconuts,2.0,0.5,0.0,0.0,401.473,3.5
shake-your-hips,1.0,0.0,0.0,0.0,277.786,12.0
she-caught-the-katy-and-left-me-a-mule-to-ride,7.0,0.0,0.0,0.0,245.9425,5.0
she-s-so-cold,1.0,0.0,0.0,0.0,356.885,20.0
she-thinks-i-still-care,1.0,0.0,0.0,0.0,274.442,11.0
shine,1.0,0.0,0.0,0.0,438.988,8.0
shine-a-light,29.0,0.0,0.0,0.0,343.053,19.0
shipwreck,2.0,0.0,0.0,0.0,305.983,11.0
show-of-life,33.0,0.030303030303030304,0.0,0.0,350.929,20.0
sightless-escape,4.0,0.25,0.25,0.0,473.626,11.5
sigma-oasis,46.0,0.5652173913043478,0.15217391304347827,0.043478260869565216,602.304,7.5
silent-in-the-morning,188.0,0.047872340425531915,0.0,0.0,307.409,14.0
simple,213.0,0.3615023474178404,0.11737089201877934,0.04225352112676056,520.6075000000001,12.0
sing-monica,8.0,0.0,0.0,0.0,287.6735,15.5
sixteen-candles,1.0,0.0,0.0,0.0,365.061,17.0
skin-it-back,15.0,0.06666666666666667,0.0,0.0,462.3675,7.0
skippy-the-wondermouse,4.0,0.75,0.25,0.0,741.224,8.0
slave-to-the-traffic-light,294.0,0.5544217687074829,0.02040816326530612,0.0,609.8285000000001,17.0
sleep,18.0,0.05555555555555555,0.0,0.0,150.5205,8.0
sleep-again,8.0,0.0,0.0,0.0,359.51,6.0
sleeping-monkey,97.0,0.020618556701030927,0.020618556701030927,0.010309278350515464,341.6295,21.0
slipknot,1.0,0.0,0.0,0.0,379.115,9.0
slow-ride,1.0,0.0,0.0,0.0,509.38800000000003,4.0
smells-like-teen-spirit,1.0,0.0,0.0,0.0,362.789,25.0
smoke-on-the-water,1.0,0.0,0.0,0.0,336.797,24.0
sneakin-sally-through-the-alley,85.0,0.2,0.047058823529411764,0.0,467.2785,12.0
snow,1.0,0.0,0.0,0.0,221.362,19.0
so-damn-lucky,1.0,0.0,0.0,0.0,350.424,16.0
so-lonely,1.0,0.0,0.0,0.0,298.397,20.0
so-what,1.0,0.0,0.0,0.0,364.931,16.0
something,4.0,0.0,0.0,0.0,203.95100000000002,14.0
something-living-here,2.0,0.0,0.0,0.0,382.7065,12.0
soul-love,1.0,0.0,0.0,0.0,235.337,14.0
soul-planet,27.0,0.7407407407407407,0.2222222222222222,0.1111111111111111,750.682,12.0
soul-shakedown-party,14.0,0.0,0.0,0.0,292.258,1.5
soul-survivor,1.0,0.0,0.0,0.0,409.835,27.0
space-oddity,7.0,0.0,0.0,0.0,310.544,11.0
spanish-flea,1.0,0.0,0.0,0.0,439.615,13.0
spanish-moon,4.0,0.0,0.0,0.0,370.56,13.5
sparkle,335.0,0.023880597014925373,0.005970149253731343,0.0,235.703,7.0
sparks,14.0,0.14285714285714285,0.07142857142857142,0.0,165.094,14.5
speak-to-me,1.0,0.0,0.0,0.0,167.523,14.0
spices,2.0,0.5,0.0,0.0,587.481,3.0
split-open-and-melt,354.0,0.5677966101694916,0.07344632768361582,0.005649717514124294,624.039,8.0
spock-s-brain,11.0,0.0,0.0,0.0,343.38,5.0
spooky,3.0,0.3333333333333333,0.0,0.0,429.27,15.0
spread-it-round,2.0,0.0,0.0,0.0,521.992,21.0
squeeze-box,1.0,0.0,0.0,0.0,515.762,4.0
st-stephen,1.0,1.0,1.0,0.0,1072.013,6.0
st-thomas,3.0,0.0,0.0,0.0,360.307,7.0
stairway-to-heaven,2.0,0.0,0.0,0.0,471.96750000000003,15.0
stand,2.0,0.0,0.0,0.0,444.839,22.5
star,1.0,0.0,0.0,0.0,185.156,19.0
starman,2.0,0.0,0.0,0.0,335.13800000000003,15.5
starship-trooper,1.0,0.0,0.0,0.0,509.38800000000003,7.0
starship-trooper-jam,1.0,0.0,0.0,0.0,447.4515,10.0
stash,463.0,0.6609071274298056,0.08207343412526998,0.012958963282937365,669.1,7.0
stealing-time-from-the-faulty-plan,82.0,0.012195121951219513,0.0,0.0,359.9675,5.5
steam,68.0,0.3382352941176471,0.029411764705882353,0.0,546.679,9.5
steep,33.0,0.30303030303030304,0.06060606060606061,0.030303030303030304,284.343,16.0
stir-it-up,1.0,0.0,0.0,0.0,318.0015,27.0
stop-breaking-down,1.0,0.0,0.0,0.0,278.7,25.0
storage-jam,1.0,1.0,1.0,0.0,1130.475,44.0
strange-design,69.0,0.028985507246376812,0.028985507246376812,0.0,183.5235,9.0
strawberry-fields-forever,2.0,0.0,0.0,0.0,235.73450000000003,1.0
strawberry-letter-23,13.0,0.0,0.0,0.0,246.24,4.0
stray-dog,4.0,0.0,0.0,0.0,274.5465,5.5
suffragette-city,1.0,0.0,0.0,0.0,231.863,22.0
sugar-shack,34.0,0.0,0.0,0.0,369.894,6.0
summer-of-89,4.0,0.25,0.0,0.0,581.6814999999999,6.5
sunday-morning,1.0,0.0,0.0,0.0,340.872,1.0
sunshine-of-your-feeling,1.0,0.0,0.0,0.0,417.881,6.0
sunshine-superman,1.0,0.0,0.0,0.0,469.728,3.0
suspicious-minds,13.0,0.0,0.0,0.0,374.439,17.0
susskind-hotel,3.0,0.0,0.0,0.0,414.224,11.0
suzy-greenberg,456.0,0.03728070175438596,0.017543859649122806,0.0021929824561403508,349.283,12.0
sweet-adeline,177.0,0.022598870056497175,0.005649717514124294,0.0,133.08100000000002,17.0
sweet-black-angel,1.0,0.0,0.0,0.0,248.607,17.0
sweet-emotion,3.0,0.6666666666666666,0.0,0.0,688.091,16.0
sweet-georgia-brown,1.0,0.0,0.0,0.0,363.8595,7.0
sweet-jane,5.0,0.0,0.0,0.0,338.86,12.0
sweet-virginia,5.0,0.0,0.0,0.0,298.971,15.0
swept-away,33.0,0.06060606060606061,0.0,0.0,170.893,15.0
swing-low-sweet-chariot,13.0,0.0,0.0,0.0,152.66,13.0
sympathy-for-the-devil,1.0,0.0,0.0,0.0,376.007,2.0
t-v-show,1.0,0.0,0.0,0.0,299.154,23.0
t-v-theme,2.0,0.0,0.0,0.0,407.615,6.0
take-me-out-to-the-ballgame,1.0,0.0,0.0,0.0,42.998,22.0
take-me-to-the-river,2.0,0.5,0.5,0.0,499.84,13.5
take-the-a-train,122.0,0.040983606557377046,0.0,0.0,316.317,11.0
takin-care-of-business,1.0,0.0,0.0,0.0,354.508,14.0
talk,16.0,0.0,0.0,0.0,212.8065,7.5
taste,151.0,0.3708609271523179,0.019867549668874173,0.0,522.789,8.0
taste-that-surrounds,14.0,0.0,0.0,0.0,462.8635,6.0
tela,92.0,0.07608695652173914,0.010869565217391304,0.0,403.278,9.0
tell-me-something-good,1.0,0.0,0.0,0.0,303.726,10.0
tennessee-waltz,3.0,0.0,0.0,0.0,219.664,9.0
terrapin,67.0,0.13432835820895522,0.029850746268656716,0.0,313.783,21.0
terrapin-station,1.0,1.0,0.0,0.0,633.287,20.0
thank-you,1.0,0.0,0.0,0.0,340.611,20.0
thanksgiving,1.0,0.0,0.0,0.0,282.593,11.0
that-s-alright-mama,1.0,0.0,0.0,0.0,325.12,26.0
the-9th-cube,2.0,0.5,0.0,0.0,451.566,7.5
the-asse-festival,24.0,0.0,0.0,0.0,136.882,8.5
the-ballad-of-curtis-loew,48.0,0.041666666666666664,0.0,0.0,312.346,16.0
the-birds,5.0,0.0,0.0,0.0,270.002,2.0
the-birdwatcher,4.0,0.0,0.0,0.0,195.42200000000003,11.0
the-chase,7.0,0.0,0.0,0.0,72.15,11.0
the-chicken,1.0,0.0,0.0,0.0,337.842,1.0
the-chinese-water-torture,1.0,0.0,0.0,0.0,400.927,20.0
the-connection,6.0,0.0,0.0,0.0,289.03200000000004,7.5
the-continuing-story-of-bungalow-bill,1.0,0.0,0.0,0.0,359.784,18.0
the-cover-of-rolling-stone,1.0,0.0,0.0,0.0,185.051,2.0
the-curtain,123.0,0.04065040650406504,0.016260162601626018,0.0,383.974,8.0
the-curtain-with,45.0,0.8444444444444444,0.24444444444444444,0.0,823.1780000000001,4.0
the-dickie-scotland-song,1.0,0.0,0.0,0.0,466.651,21.0
the-dirty-jobs,1.0,0.0,0.0,0.0,340.088,16.0
the-dogs,18.0,0.0,0.0,0.0,301.688,4.5
the-final-hurrah,18.0,0.16666666666666666,0.05555555555555555,0.05555555555555555,525.231,6.5
the-fishin-hole,2.0,0.0,0.0,0.0,102.818,10.0
the-fog-that-surrounds,8.0,0.0,0.0,0.0,402.207,6.5
the-gambler,1.0,0.0,0.0,0.0,227.422,6.0
the-great-curve,1.0,0.0,0.0,0.0,547.239,13.0
the-great-gig-in-the-sky,12.0,0.08333333333333333,0.0,0.0,355.56550000000004,18.5
the-happy-whip-and-dung-song,1.0,0.0,0.0,0.0,501.198,14.0
the-haunted-house,1.0,0.0,0.0,0.0,324.127,13.0
the-horse,173.0,0.05202312138728324,0.023121387283236993,0.005780346820809248,87.387,13.0
the-howling,21.0,0.047619047619047616,0.0,0.0,443.076,13.0
the-inlaw-josie-wales,17.0,0.058823529411764705,0.058823529411764705,0.058823529411764705,193.855,11.0
the-inner-reaches-of-outer,1.0,0.0,0.0,0.0,300.904,14.0
the-landlady,217.0,0.02304147465437788,0.004608294930875576,0.0,230.9415,6.0
the-last-step,1.0,0.0,0.0,0.0,433.868,6.0
the-line,37.0,0.02702702702702703,0.0,0.0,387.631,9.0
the-lion-sleeps-tonight,1.0,0.0,0.0,0.0,521.117,17.0
the-little-drummer-boy,5.0,0.0,0.0,0.0,159.823,18.0
the-lizards,332.0,0.6807228915662651,0.015060240963855422,0.0030120481927710845,612.467,13.0
the-maker,2.0,0.0,0.0,0.0,330.11199999999997,19.0
the-man-who-stepped-into-yesterday,148.0,0.05405405405405406,0.02027027027027027,0.0,210.965,12.0
the-mango-song,109.0,0.05504587155963303,0.009174311926605505,0.0,445.283,13.0
the-moma-dance,212.0,0.22169811320754718,0.02830188679245283,0.0,503.484,3.0
the-night-the-lights-went-out-in-georgia,1.0,0.0,0.0,0.0,382.512,17.0
the-ocean,1.0,0.0,0.0,0.0,435.29150000000004,20.0
the-oh-kee-pa-ceremony,220.0,0.031818181818181815,0.013636363636363636,0.0,106.371,9.0
the-old-home-place,50.0,0.04,0.0,0.0,206.8505,6.0
the-other-one,1.0,1.0,0.0,0.0,893.858,17.0
the-overload,1.0,1.0,0.0,0.0,757.211,18.0
the-pendulum,2.0,0.0,0.0,0.0,440.216,7.5
the-practical-song,2.0,0.0,0.0,0.0,61.205,16.0
the-price-of-love,2.0,0.0,0.0,0.0,332.748,13.0
the-prison-joke,2.0,0.0,0.0,0.0,331.024,26.0
the-punk-meets-the-godfather,1.0,0.0,0.0,0.0,293.956,14.0
the-real-me,2.0,0.0,0.0,0.0,374.7525,12.0
the-rock,1.0,0.0,0.0,0.0,395.546,25.0
the-rover,1.0,0.0,0.0,0.0,480.261,13.0
the-silver-light,1.0,0.0,0.0,0.0,285.44,4.0
the-sloth,176.0,0.03409090909090909,0.017045454545454544,0.0,230.439,8.0
the-squirming-coil,374.0,0.20855614973262032,0.00267379679144385,0.0,494.568,13.0
the-star-spangled-banner,27.0,0.0,0.0,0.0,110.472,9.0
the-tears-of-a-clown,1.0,0.0,0.0,0.0,214.57,6.0
the-thrill-is-gone,1.0,1.0,1.0,0.0,1102.838,6.0
the-unsafe-bridge,1.0,0.0,0.0,0.0,220.238,19.0
the-unwinding,1.0,1.0,0.0,0.0,829.309,16.0
the-very-long-fuse,4.0,0.0,0.0,0.0,275.06899999999996,7.5
the-vibration-of-life,22.0,0.13636363636363635,0.045454545454545456,0.0,371.3565,14.5
the-way-it-goes,1.0,1.0,1.0,0.0,919.876,5.0
the-wedge,132.0,0.022727272727272728,0.007575757575757576,0.0,413.936,10.0
the-well,10.0,0.1,0.1,0.1,491.808,8.5
the-wind-cries-mary,1.0,0.0,0.0,0.0,247.8,17.0
them-changes,1.0,0.0,0.0,0.0,448.888,14.0
theme-from-new-york-new-york,2.0,0.0,0.0,0.0,340.549,24.5
theme-from-star-trek,1.0,0.0,0.0,0.0,39.367,17.0
theme-from-the-bottom,197.0,0.3756345177664975,0.03553299492385787,0.0,563.331,8.0
things-people-do,9.0,0.1111111111111111,0.1111111111111111,0.0,188.996,8.0
thread,8.0,0.25,0.0,0.0,529.28,6.5
three-little-birds,1.0,0.0,0.0,0.0,370.521,21.0
thunder-road,1.0,0.0,0.0,0.0,367.02,9.0
thunderhead,7.0,0.0,0.0,0.0,422.165,13.0
tide-turns,7.0,0.14285714285714285,0.0,0.0,308.637,17.0
timber,3.0,0.0,0.0,0.0,192.549,11.0
timber-jerry-the-mule,107.0,0.08411214953271028,0.028037383177570093,0.0,404.898,10.0
time,1.0,0.0,0.0,0.0,279.641,17.0
time-loves-a-hero,8.0,0.125,0.0,0.0,313.156,7.0
time-turns-elastic,18.0,1.0,1.0,0.0,1004.173,10.0
to-france,1.0,0.0,0.0,0.0,357.59000000000003,26.0
tomorrow-s-song,1.0,0.0,0.0,0.0,286.694,18.0
tonight,1.0,0.0,0.0,0.0,357.642,10.0
torn-and-frayed,10.0,0.0,0.0,0.0,459.977,4.5
touch-me,9.0,0.0,0.0,0.0,222.851,19.0
tower-jam,1.0,1.0,1.0,1.0,1617.4136000000012,27.0
train-round-the-bend,1.0,0.0,0.0,0.0,417.254,19.0
train-song,60.0,0.016666666666666666,0.0,0.0,178.2465,7.5
trane-to-conamarra,1.0,1.0,0.0,0.0,724.976,13.0
trench-town-rock,1.0,0.0,0.0,0.0,298.057,1.0
tripe-face-boogie,1.0,0.0,0.0,0.0,459.233,20.0
tube,202.0,0.12871287128712872,0.01485148514851485,0.0,366.456,7.0
tubthumping,1.0,0.0,0.0,0.0,303.804,23.0
tuesday,2.0,0.0,0.0,0.0,373.8105,6.0
tuesday-s-gone,1.0,0.0,0.0,0.0,532.741,16.0
tumbling-dice,1.0,0.0,0.0,0.0,351.06,14.0
turd-on-the-run,1.0,0.0,0.0,0.0,250.802,20.0
turtle-in-the-clouds,20.0,0.0,0.0,0.0,428.147,3.0
tush,2.0,0.0,0.0,0.0,309.0935,27.5
tweezer,464.0,0.7327586206896551,0.25,0.09913793103448276,702.733,13.0
tweezer-reprise,337.0,0.011869436201780416,0.005934718100890208,0.002967359050445104,216.033,21.0
twenty-years-later,47.0,0.1702127659574468,0.0425531914893617,0.02127659574468085,464.98,14.0
twist,194.0,0.4329896907216495,0.12371134020618557,0.03608247422680412,582.4259999999999,13.0
two-versions-of-me,8.0,0.0,0.0,0.0,407.48400000000004,9.0
uncle-pen,213.0,0.018779342723004695,0.014084507042253521,0.009389671361502348,253.388,9.0
uncloudy-day,1.0,0.0,0.0,0.0,202.58,10.0
undermind,62.0,0.14516129032258066,0.04838709677419355,0.0,471.6825,5.0
undun,6.0,0.0,0.0,0.0,240.74450000000002,18.5
united-we-stand,1.0,0.0,0.0,0.0,286.485,30.0
unknown,4.0,0.0,0.0,0.0,364.931,8.0
unknown-song,1.0,0.0,0.0,0.0,323.592,6.0
us-and-them,1.0,0.0,0.0,0.0,211.696,20.0
vacuum-solo,9.0,0.3333333333333333,0.0,0.0,504.738,9.0
ventilator-blues,1.0,0.0,0.0,0.0,332.095,21.0
victim,2.0,0.0,0.0,0.0,458.46,9.0
viola-lee-blues,1.0,1.0,0.0,0.0,874.475,20.0
voodoo-child-slight-return,1.0,0.0,0.0,0.0,501.198,2.0
vultures,51.0,0.0784313725490196,0.0,0.0,438.968,6.0
wading-in-the-velvet-sea,112.0,0.0625,0.008928571428571428,0.0,405.7205,16.0
wait,6.0,0.16666666666666666,0.0,0.0,249.5345,20.5
waiting-all-night,35.0,0.02857142857142857,0.0,0.0,326.713,9.0
waking-up,2.0,0.0,0.0,0.0,135.13150000000002,15.0
waking-up-dead,8.0,0.0,0.0,0.0,362.581,6.5
walfredo,8.0,0.0,0.0,0.0,336.5355,2.5
walk-away,92.0,0.043478260869565216,0.0,0.0,268.416,11.0
walk-this-way,1.0,0.0,0.0,0.0,172.33,14.0
walls-of-the-cave,79.0,0.8987341772151899,0.21518987341772153,0.0379746835443038,701.205,10.0
waste,107.0,0.037383177570093455,0.009345794392523364,0.0,345.6,16.0
watcher-of-the-skies,1.0,0.0,0.0,0.0,438.727,1.0
water-in-the-sky,89.0,0.02247191011235955,0.02247191011235955,0.0,226.0245,6.0
waves,56.0,0.375,0.08928571428571429,0.017857142857142856,551.184,13.0
way-down-in-the-hole,1.0,0.0,0.0,0.0,272.196,1.0
we-are-come-to-outlive-our-brains,10.0,0.0,0.0,0.0,350.6155,7.0
we-are-the-champions,1.0,0.0,0.0,0.0,439.353,3.0
we-re-an-american-band,2.0,0.0,0.0,0.0,311.1445,19.0
we-re-not-gonna-take-it,1.0,1.0,0.0,0.0,648.229,12.0
we-ve-only-just-begun,1.0,0.0,0.0,0.0,346.7235,3.0
weekapaug-groove,531.0,0.160075329566855,0.02071563088512241,0.0018832391713747645,432.3265,15.0
weigh,47.0,0.06382978723404255,0.02127659574468085,0.0,320.9665,5.0
west-l-a-fadeaway,2.0,0.5,0.0,0.0,599.5495,19.5
what-s-going-through-your-mind,12.0,0.8333333333333334,0.5833333333333334,0.25,994.632,11.0
what-s-the-use,74.0,0.10810810810810811,0.04054054054054054,0.0,410.4045,14.0
what-things-seem,2.0,0.0,0.0,0.0,422.361,7.0
when-something-is-wrong-with-my-baby,3.0,0.0,0.0,0.0,372.193,23.0
when-the-cactus-is-in-bloom,1.0,0.0,0.0,0.0,198.296,10.0
when-the-circus-comes,76.0,0.0,0.0,0.0,316.082,12.0
while-my-guitar-gently-weeps,38.0,0.02631578947368421,0.0,0.0,400.0525,16.5
whipping-post,49.0,0.40816326530612246,0.12244897959183673,0.0,597.512,20.0
white-rabbit,1.0,0.0,0.0,0.0,313.94,3.0
white-winter-hymnal,1.0,0.0,0.0,0.0,202.214,1.0
who-by-fire,1.0,0.0,0.0,0.0,214.047,19.0
who-do-we-do,16.0,0.1875,0.0625,0.0,293.512,13.5
who-knows,2.0,0.0,0.0,0.0,86.687,7.0
who-loves-the-sun,2.0,0.0,0.0,0.0,204.576,7.5
whole-lotta-love,5.0,0.0,0.0,0.0,98.769,11.0
why-don-t-we-do-it-in-the-road,4.0,0.0,0.0,0.0,115.1475,17.0
why-don-t-you-love-me,2.0,0.0,0.0,0.0,300.931,7.0
why-you-been-gone-so-long,1.0,0.0,0.0,0.0,243.304,11.0
wider,1.0,0.0,0.0,0.0,500.402,12.0
wild-child,6.0,0.0,0.0,0.0,340.454,3.5
wild-honey-pie,1.0,0.0,0.0,0.0,174.785,17.0
wild-thing,1.0,0.0,0.0,0.0,407.615,1.0
wildwood-weed,1.0,0.0,0.0,0.0,393.456,19.0
will-it-go-round-in-circles,2.0,0.0,0.0,0.0,465.76300000000003,11.5
will-the-circle-be-unbroken,2.0,0.0,0.0,0.0,186.9805,10.0
willin,2.0,0.0,0.0,0.0,304.4365,11.5
wilson,306.0,0.013071895424836602,0.0032679738562091504,0.0,300.2125,8.0
wind-beneath-my-wings,1.0,0.0,0.0,0.0,414.877,16.0
windora-bug,4.0,0.75,0.25,0.0,750.5895,6.0
windy-city,1.0,0.0,0.0,0.0,339.122,5.0
wingsuit,42.0,0.23809523809523808,0.047619047619047616,0.0,565.7860000000001,12.5
winterqueen,25.0,0.12,0.0,0.0,517.042,13.0
wipe-out,6.0,0.16666666666666666,0.16666666666666666,0.16666666666666666,124.4995,20.0
wolfman-s-brother,248.0,0.5685483870967742,0.0967741935483871,0.028225806451612902,621.9365,6.0
wombat,22.0,0.2727272727272727,0.0,0.0,428.77750000000003,7.0
woodlands-jam,1.0,0.0,0.0,0.0,509.38800000000003,22.0
woodstock,1.0,0.0,0.0,0.0,128.731,18.0
wormtown,1.0,0.0,0.0,0.0,420.127,11.0
ya-mar,235.0,0.13191489361702127,0.02553191489361702,0.0,460.643,6.0
yarmouth-road,32.0,0.0625,0.0,0.0,390.661,5.0
yer-blues,1.0,0.0,0.0,0.0,154.096,31.0
yerushalayim-shel-zahav,12.0,0.0,0.0,0.0,122.514,14.5
you-ain-t-goin-nowhere,1.0,0.0,0.0,0.0,328.072,4.0
you-better-believe-it-baby,2.0,0.0,0.0,0.0,421.303,3.5
you-enjoy-myself,650.0,0.8415384615384616,0.74,0.24769230769230768,1063.21,14.0
you-gotta-see-mama-every-night,1.0,0.0,0.0,0.0,566.779,10.0
you-never-know,1.0,0.0,0.0,0.0,161.358,24.0
you-sexy-thing,6.0,0.16666666666666666,0.0,0.0,280.3595,9.5
you-shook-me-all-night-long,2.0,0.0,0.0,0.0,250.005,9.5
your-pet-cat,21.0,0.047619047619047616,0.047619047619047616,0.0,330.423,8.0
ziggy-stardust,1.0,0.0,0.0,0.0,224.235,21.0
