song_slug,era_label,x_umap,y_umap,n
1999,1.0 (1983–2000),0.3672990503434261,0.7543982766308388,1
1999,3.0 (2009–2020),0.38260754494759464,0.4103912517917863,1
1999,4.0 (2021–present),0.37194184155949184,0.7095528750194271,2
46-days,2.0 (2003–2004),0.466522403156868,0.4974185620251531,2
46-days,3.0 (2009–2020),0.5139425212168935,0.5660225340271452,12
46-days,4.0 (2021–present),0.4942491055917322,0.5976109949814409,5
46-days,Other/Hiatus,0.5860988122377946,0.6147802280794677,1
555,3.0 (2009–2020),0.44808677815183173,0.6417780247744778,7
555,4.0 (2021–present),0.3211573727152984,0.7385851827983494,5
a-day-in-the-life,1.0 (1983–2000),0.15506984992976758,0.25298839481748897,5
a-day-in-the-life,3.0 (2009–2020),0.20652207120159669,0.16861169981774488,11
a-day-in-the-life,4.0 (2021–present),0.1362940322828244,0.6032442693172962,2
a-life-beyond-the-dream,3.0 (2009–2020),0.303100583942692,0.209405524668829,2
a-life-beyond-the-dream,4.0 (2021–present),0.2867011650622777,0.2804748285433738,5
a-song-i-heard-the-ocean-sing,2.0 (2003–2004),0.45377827327529807,0.5567602197661092,1
a-song-i-heard-the-ocean-sing,3.0 (2009–2020),0.30612988547584147,0.4786348616471096,11
a-song-i-heard-the-ocean-sing,4.0 (2021–present),0.3594327612295763,0.43259662884527117,5
about-to-run,3.0 (2009–2020),0.24528459741278696,0.5943626391849468,1
about-to-run,4.0 (2021–present),0.22194431020771072,0.5818351862037487,5
ac-dc-bag,1.0 (1983–2000),0.39945619206378397,0.5497878447838975,15
ac-dc-bag,2.0 (2003–2004),0.4330279214980528,0.5550271969370095,2
ac-dc-bag,3.0 (2009–2020),0.42340339202517135,0.7319239427653024,11
ac-dc-bag,4.0 (2021–present),0.39397478833545674,0.6029805310182135,5
access-me,2.0 (2003–2004),0.25081460777885406,0.9949485259362884,1
access-me,3.0 (2009–2020),0.17155116260106207,0.7999569873657127,5
access-me,4.0 (2021–present),0.2579955343301929,0.9280858229436886,1
after-midnight,1.0 (1983–2000),0.2201014766145508,0.06095030213679161,1
after-midnight,3.0 (2009–2020),0.17100618390227712,0.47077168998787955,5
alaska,3.0 (2009–2020),0.32382379744102674,0.5378110320898334,10
alaska,4.0 (2021–present),0.3125270364010381,0.570129422375933,4
albuquerque,1.0 (1983–2000),0.19716463859902492,0.5377254089605656,3
albuquerque,3.0 (2009–2020),0.10749939857455248,0.18912914943259537,3
albuquerque,4.0 (2021–present),0.4028634494507678,0.4581242925660621,1
all-of-these-dreams,2.0 (2003–2004),0.1855237371495737,0.6619583514780294,2
all-of-these-dreams,3.0 (2009–2020),0.10323850969839413,0.6724323486623103,4
all-of-these-dreams,4.0 (2021–present),0.25690892160239626,0.8292616922235881,3
all-of-these-dreams,Other/Hiatus,0.5859100959736204,0.6151003356166322,1
also-sprach-zarathustra,1.0 (1983–2000),0.4976247667419611,0.5452706000043979,8
also-sprach-zarathustra,2.0 (2003–2004),0.4408943464490659,0.43222047967990085,2
also-sprach-zarathustra,3.0 (2009–2020),0.32825782471781595,0.27417931880995217,12
also-sprach-zarathustra,4.0 (2021–present),0.3194003343870128,0.3284724386271494,5
alumni-blues,1.0 (1983–2000),0.5900099793668988,0.5510222962303183,9
alumni-blues,3.0 (2009–2020),0.19116155865281603,0.8803445882904751,8
alumni-blues,4.0 (2021–present),0.16777284934350462,0.4274132275194016,3
anything-but-me,2.0 (2003–2004),0.4362706006284678,0.7038108254878589,2
anything-but-me,3.0 (2009–2020),0.2558328727770043,0.7981945944201939,2
army-of-one,2.0 (2003–2004),0.19998391841765556,0.8162958841530102,2
army-of-one,3.0 (2009–2020),0.21648966383756985,0.8253870218906507,10
army-of-one,4.0 (2021–present),0.1958518467426279,0.8200438224917118,3
ass-handed,3.0 (2009–2020),0.1459053829879095,0.7445331950655973,4
ass-handed,4.0 (2021–present),0.12512107704579328,0.6507081208290542,3
auld-lang-syne,1.0 (1983–2000),0.0958921488600617,0.0962887818614624,10
auld-lang-syne,2.0 (2003–2004),0.060057228760711324,0.0768653719888541,1
auld-lang-syne,3.0 (2009–2020),0.13299528572255456,0.07699407981205357,11
auld-lang-syne,4.0 (2021–present),0.12751836205764783,0.0373679001433708,4
auld-lang-syne,Other/Hiatus,0.6158876048250262,0.5310071255830846,1
avenu-malkenu,1.0 (1983–2000),0.15122937451076834,0.6000991215278467,14
avenu-malkenu,2.0 (2003–2004),0.02397260407387237,0.49928616786298846,1
avenu-malkenu,3.0 (2009–2020),0.21456837787524474,0.7989657604647225,4
avenu-malkenu,4.0 (2021–present),0.1886314248953454,0.9183297374021029,2
axilla,1.0 (1983–2000),0.17353438005794802,0.6842393679132536,8
axilla,2.0 (2003–2004),0.20060110738351156,0.7779043767586911,2
axilla,3.0 (2009–2020),0.22279101143859634,0.7036533170518828,11
axilla,4.0 (2021–present),0.29298068404765876,0.8284936758828783,4
axilla-part-ii,1.0 (1983–2000),0.3918433750964777,0.5551238614634273,2
axilla-part-ii,4.0 (2021–present),0.2776776825189627,0.5929440869692034,5
baby-lemonade,1.0 (1983–2000),0.09704551402023033,0.07397657057365846,1
baby-lemonade,4.0 (2021–present),0.13717929589026867,0.0301798808635572,1
back-in-the-u-s-s-r,1.0 (1983–2000),0.09497396139981458,0.15732532312125747,1
back-in-the-u-s-s-r,3.0 (2009–2020),0.24890672099934488,0.9992158515969277,1
back-on-the-train,1.0 (1983–2000),0.5849549095456743,0.5982138668883562,2
back-on-the-train,2.0 (2003–2004),0.34834626506544347,0.6778162152703313,2
back-on-the-train,3.0 (2009–2020),0.47646453529511856,0.6252868961767896,12
back-on-the-train,4.0 (2021–present),0.4888640283528759,0.6338022076192706,5
backwards-down-the-number-line,3.0 (2009–2020),0.5799777743746154,0.46931164536389863,11
backwards-down-the-number-line,4.0 (2021–present),0.2816047547702475,0.3108154692438047,5
bathtub-gin,1.0 (1983–2000),0.4243803072732999,0.46735591755428263,12
bathtub-gin,2.0 (2003–2004),0.4175223707404823,0.4609771455166418,2
bathtub-gin,3.0 (2009–2020),0.46907034952347604,0.5032440554628672,12
bathtub-gin,4.0 (2021–present),0.4470905535228051,0.5023608250485275,5
beauty-of-a-broken-heart,3.0 (2009–2020),0.20426424482297917,0.682986483144854,6
beauty-of-a-broken-heart,4.0 (2021–present),0.1967976040210753,0.777566730833843,2
beauty-of-my-dreams,1.0 (1983–2000),0.4732376491571504,0.7247544497876541,4
beauty-of-my-dreams,2.0 (2003–2004),0.26940420548986765,0.9683158391887219,1
beauty-of-my-dreams,3.0 (2009–2020),0.18058126095885538,0.907484063544705,4
beauty-of-my-dreams,4.0 (2021–present),0.17343306091198796,0.8805755975639005,4
been-caught-stealing,1.0 (1983–2000),0.15009629265832836,0.20954435570983654,1
been-caught-stealing,3.0 (2009–2020),0.026596342451619057,0.47320473739629165,1
beneath-a-sea-of-stars-part-1,3.0 (2009–2020),0.3865176151275318,0.376739597545258,2
beneath-a-sea-of-stars-part-1,4.0 (2021–present),0.3450502044928536,0.4103694944281391,5
big-black-furry-creature-from-mars,1.0 (1983–2000),0.22319426071684995,0.2314015626436108,14
big-black-furry-creature-from-mars,2.0 (2003–2004),0.05375417935069672,0.08020687068720121,1
big-black-furry-creature-from-mars,3.0 (2009–2020),0.13679530217064095,0.6541789084767664,10
big-black-furry-creature-from-mars,4.0 (2021–present),0.07091816347089151,0.5319490148725993,4
bike,1.0 (1983–2000),0.1859394552542235,0.20050666995692554,13
bike,3.0 (2009–2020),0.1663795291160142,0.1169727706129054,5
bill-bailey-won-t-you-please-come-home,1.0 (1983–2000),0.17454364505464254,0.13363867871621699,6
bill-bailey-won-t-you-please-come-home,2.0 (2003–2004),0.3058817635194525,0.8810066072185446,1
bill-bailey-won-t-you-please-come-home,3.0 (2009–2020),0.26151654380801825,0.8913272684527199,1
billy-breathes,1.0 (1983–2000),0.4004675304994414,0.7028371137295055,6
billy-breathes,2.0 (2003–2004),0.22587076286212368,0.8269821434806082,1
billy-breathes,3.0 (2009–2020),0.1217808104469584,0.3862789208477803,8
billy-breathes,4.0 (2021–present),0.10729739589803752,0.45944852800509756,3
birds-of-a-feather,1.0 (1983–2000),0.4647576374880717,0.5531809242407203,3
birds-of-a-feather,2.0 (2003–2004),0.4310705028503148,0.4917958758080385,2
birds-of-a-feather,3.0 (2009–2020),0.30601885781716015,0.5353075289450807,11
birds-of-a-feather,4.0 (2021–present),0.3633459274716484,0.6460573913692722,5
bittersweet-motel,1.0 (1983–2000),0.11638749583748799,0.529987481612587,3
bittersweet-motel,2.0 (2003–2004),0.015496754660511558,0.4957260146335007,1
bittersweet-motel,3.0 (2009–2020),0.1741106115561319,0.11629921051918324,4
bittersweet-motel,4.0 (2021–present),0.09422430428869602,0.1451548094536117,1
blaze-on,3.0 (2009–2020),0.4938295276612751,0.5045909838786768,6
blaze-on,4.0 (2021–present),0.5006693542809754,0.54862873053361,5
bliss,3.0 (2009–2020),0.07445326156921019,0.7666405593799598,1
bliss,4.0 (2021–present),0.10926511766645655,0.3911606944485575,1
blister-in-the-sun,1.0 (1983–2000),0.0034902359529456785,0.5498124031756639,2
blister-in-the-sun,3.0 (2009–2020),0.06849557686516573,0.07054857705679494,1
bohemian-rhapsody,1.0 (1983–2000),0.21107292885079032,0.0578017140804406,1
bohemian-rhapsody,4.0 (2021–present),0.16753271999453945,0.11904413671825223,1
bold-as-love,1.0 (1983–2000),0.18899258771969302,0.2671584052647427,12
bold-as-love,3.0 (2009–2020),0.15270504281474614,0.24792851766942,9
bold-as-love,4.0 (2021–present),0.12375715915672371,0.39379840287003803,3
boogie-on-reggae-woman,1.0 (1983–2000),0.24987428014248694,0.6125626273857612,6
boogie-on-reggae-woman,2.0 (2003–2004),0.4031987211992152,0.6543473072170896,2
boogie-on-reggae-woman,3.0 (2009–2020),0.24166460621339483,0.26289796159072176,11
boogie-on-reggae-woman,4.0 (2021–present),0.25497083027631373,0.46455536014736243,5
boogie-on-reggae-woman,Other/Hiatus,0.9999978676128342,0.5068331603979347,1
bouncing-around-the-room,1.0 (1983–2000),0.5980898198791015,0.5727531605243878,11
bouncing-around-the-room,2.0 (2003–2004),0.3160060968639741,0.6943330528895941,2
bouncing-around-the-room,3.0 (2009–2020),0.2944046169739536,0.6890304393420741,11
bouncing-around-the-room,4.0 (2021–present),0.22413312361852322,0.7381212116675815,5
breath-and-burning,3.0 (2009–2020),0.4119154944807977,0.6618401736609539,5
breath-and-burning,4.0 (2021–present),0.3664227263591,0.752544437671871,1
brian-and-robert,1.0 (1983–2000),0.22890202810728227,0.282817074988381,3
brian-and-robert,2.0 (2003–2004),0.16687644708867744,0.7567978860396711,2
brian-and-robert,3.0 (2009–2020),0.14546097504920433,0.7827116732300605,10
brian-and-robert,4.0 (2021–present),0.11082811645154947,0.7138206539584757,4
brother,1.0 (1983–2000),0.22782574925575072,0.5526280117502781,6
brother,2.0 (2003–2004),0.16963348016800997,0.4623661300330698,1
brother,3.0 (2009–2020),0.31134365539261954,0.8279659668342464,5
brother,4.0 (2021–present),0.18668044954248095,0.23601046845324067,1
buffalo-bill,1.0 (1983–2000),0.13102708724258166,0.1726000093724028,6
buffalo-bill,2.0 (2003–2004),0.020345567282750908,0.5734809745569482,2
buffalo-bill,3.0 (2009–2020),0.13687762461747485,0.5589328877846769,7
buffalo-bill,4.0 (2021–present),0.11511802834725786,0.07970447549435125,3
bug,1.0 (1983–2000),0.526601714426979,0.4985176226974677,2
bug,2.0 (2003–2004),0.2798871105007745,0.3327639340968322,2
bug,3.0 (2009–2020),0.24253473807345094,0.27809208632150345,11
bug,4.0 (2021–present),0.2415620517181392,0.32128197934384717,5
buried-alive,1.0 (1983–2000),0.26651525209911475,0.8114908540736874,10
buried-alive,2.0 (2003–2004),0.12706775815022467,0.7703740276771331,2
buried-alive,3.0 (2009–2020),0.25646909368275994,0.9834938318571411,11
buried-alive,4.0 (2021–present),0.24655264502021676,0.9854413483540345,5
bye-bye-foot,1.0 (1983–2000),0.1505585183321017,0.6949967919511144,1
bye-bye-foot,3.0 (2009–2020),0.15893105973839589,0.8303695046559596,1
bye-bye-foot,4.0 (2021–present),0.23429185195795482,0.9479106863941489,1
camel-walk,1.0 (1983–2000),0.2175346975785985,0.5434559173264812,11
camel-walk,2.0 (2003–2004),0.2014156087993038,0.7517679136440938,2
camel-walk,3.0 (2009–2020),0.2580820113438486,0.8021507153965286,11
camel-walk,4.0 (2021–present),0.27060663477708996,0.6447054187783436,4
carini,1.0 (1983–2000),0.3279996623446938,0.6633024730544581,4
carini,2.0 (2003–2004),0.30950862282522396,0.6118003293265226,2
carini,3.0 (2009–2020),0.44470275660865227,0.4224031935625726,12
carini,4.0 (2021–present),0.46110729821604696,0.44465600794497095,5
carini,Other/Hiatus,0.572737499797782,0.48979824880186895,1
carolina,1.0 (1983–2000),0.12528479927193742,0.5621861250409635,9
carolina,2.0 (2003–2004),0.10243221105318377,0.17897054104101268,1
carolina,3.0 (2009–2020),0.20415464473599415,0.9979802146531288,2
carolina,4.0 (2021–present),0.060680357398750925,0.08063044192692324,1
cars-trucks-buses,1.0 (1983–2000),0.4110388872888011,0.715361707569968,6
cars-trucks-buses,2.0 (2003–2004),0.2568925942316754,0.8680542115398733,2
cars-trucks-buses,3.0 (2009–2020),0.33004209070842844,0.8548211086780779,8
cars-trucks-buses,4.0 (2021–present),0.3080689955806481,0.9264200364119708,5
catapult,1.0 (1983–2000),0.15224351426754623,0.5211436014359674,9
catapult,2.0 (2003–2004),0.21169552695500382,0.7561659694469897,2
catapult,3.0 (2009–2020),0.13748706702058006,0.05485652018211657,3
catapult,4.0 (2021–present),0.22605598836749996,0.49278750368608326,1
cavern,1.0 (1983–2000),0.5453619543705643,0.5486523010108946,11
cavern,2.0 (2003–2004),0.26356279803826943,0.41511072847698127,2
cavern,3.0 (2009–2020),0.3160386311460447,0.5281025059136562,12
cavern,4.0 (2021–present),0.1955032527003249,0.6458323328277845,5
chalk-dust-torture,1.0 (1983–2000),0.5745821889778506,0.5653879326315778,10
chalk-dust-torture,2.0 (2003–2004),0.48736574444270686,0.5458723852053833,2
chalk-dust-torture,3.0 (2009–2020),0.5308327806384002,0.49140733485359034,12
chalk-dust-torture,4.0 (2021–present),0.5090003653968431,0.4363470079138691,5
chalk-dust-torture,Other/Hiatus,0.5870059994507872,0.6151805542725581,1
chalk-dust-torture-reprise,1.0 (1983–2000),0.12868590041616612,0.11378905929109395,2
chalk-dust-torture-reprise,3.0 (2009–2020),0.16458496128620345,0.036541608470755334,1
chalk-dust-torture-reprise,4.0 (2021–present),0.22074444260434925,0.9557663499033169,1
character-zero,1.0 (1983–2000),0.5553972964324281,0.5538587498004994,5
character-zero,2.0 (2003–2004),0.42212548725303034,0.4141157416896982,2
character-zero,3.0 (2009–2020),0.5876361813694523,0.467611491030736,11
character-zero,4.0 (2021–present),0.30293891417123203,0.2598708347142828,5
character-zero,Other/Hiatus,0.5959380156878493,0.4875495462357692,1
cinnamon-girl,1.0 (1983–2000),0.14213016579248702,0.3735407980089595,2
cinnamon-girl,3.0 (2009–2020),0.1824981719393391,0.10848453964975015,1
cinnamon-girl,4.0 (2021–present),0.07626025465500631,0.4792511575684547,1
cities,1.0 (1983–2000),0.3152769024681582,0.5705171729987956,11
cities,2.0 (2003–2004),0.28039185576959685,0.7764055942644986,2
cities,3.0 (2009–2020),0.28421011059943846,0.6201244967505517,11
cities,4.0 (2021–present),0.369104654302006,0.528450007738276,5
colonel-forbin-s-ascent,1.0 (1983–2000),0.3595122131552254,0.6010717523915318,12
colonel-forbin-s-ascent,3.0 (2009–2020),0.3118825406413003,0.7839691605176933,6
colonel-forbin-s-ascent,4.0 (2021–present),0.28375891560813293,0.504704628911659,2
come-together,1.0 (1983–2000),0.22638911363247213,0.44914699163303845,2
come-together,3.0 (2009–2020),0.27696090504949483,0.422058998345836,1
contact,1.0 (1983–2000),0.2297582635692458,0.25054468955519626,13
contact,2.0 (2003–2004),0.21105784323677837,0.3587597623638834,2
contact,3.0 (2009–2020),0.20704361414528047,0.19201818329825734,11
contact,4.0 (2021–present),0.1899784835983853,0.19323774629231047,3
cool-amber-and-mercury,3.0 (2009–2020),0.20876947143719676,0.431683299727582,2
cool-amber-and-mercury,4.0 (2021–present),0.33215275674295164,0.8032994158659251,2
cool-it-down,1.0 (1983–2000),0.2173384545259518,0.3948880841660367,2
cool-it-down,2.0 (2003–2004),0.3470854603980744,0.7368770437916687,1
cool-it-down,3.0 (2009–2020),0.2216954513987855,0.7209141123885917,5
cool-it-down,4.0 (2021–present),0.17979991278126417,0.8198118834164212,3
corinna,1.0 (1983–2000),0.26379088080937874,0.5173334825975261,5
corinna,2.0 (2003–2004),0.322446011186298,0.905176248825021,1
corinna,3.0 (2009–2020),0.15372612308167427,0.7145367641100571,6
corinna,4.0 (2021–present),0.2628499521576385,0.8551157628891808,2
cracklin-rosie,1.0 (1983–2000),0.14943530389623427,0.17478486360666703,7
cracklin-rosie,3.0 (2009–2020),0.03748332714155079,0.6011862923588093,1
cracklin-rosie,4.0 (2021–present),0.026494254416055924,0.46162923880979967,1
crazy-sometimes,3.0 (2009–2020),0.3610196571035322,0.6594867056696854,3
crazy-sometimes,4.0 (2021–present),0.2618687003721487,0.725746943543686,1
crimes-of-the-mind,1.0 (1983–2000),0.20259800723088386,0.2066637016834853,3
crimes-of-the-mind,2.0 (2003–2004),0.17246972938018004,0.22037047467175552,1
crimes-of-the-mind,3.0 (2009–2020),0.1470642175161212,0.38926298482251875,2
crosseyed-and-painless,1.0 (1983–2000),0.39110917266638057,0.4236946709196424,4
crosseyed-and-painless,2.0 (2003–2004),0.40923775954919367,0.41046214627838207,2
crosseyed-and-painless,3.0 (2009–2020),0.3477258403558413,0.41830964787055147,12
crosseyed-and-painless,4.0 (2021–present),0.32582461205777596,0.42574182730892235,5
crowd-control,2.0 (2003–2004),0.23842646417237923,0.5339568261148243,2
crowd-control,3.0 (2009–2020),0.31189680995085034,0.9605346063188684,11
crowd-control,4.0 (2021–present),0.3112160197185122,0.9766875892232059,3
cry-baby-cry,1.0 (1983–2000),0.2073838170390488,0.8454567951524222,3
cry-baby-cry,3.0 (2009–2020),0.11311512219060298,0.8042925604832627,1
daniel-saw-the-stone,1.0 (1983–2000),0.14203175433070916,0.374677556335649,2
daniel-saw-the-stone,2.0 (2003–2004),0.2547202004583361,0.9960740510941931,1
daniel-saw-the-stone,3.0 (2009–2020),0.22462837822667853,0.9551603980277229,4
daniel-saw-the-stone,4.0 (2021–present),0.14860157126998685,0.8354260926299302,1
david-bowie,1.0 (1983–2000),0.545214696633787,0.43527228480537783,15
david-bowie,2.0 (2003–2004),0.4771779520762798,0.4435772314814733,2
david-bowie,3.0 (2009–2020),0.5044093460807165,0.4494099279780124,12
david-bowie,4.0 (2021–present),0.3526406365208496,0.46561404417367785,5
david-bowie,Other/Hiatus,0.5639665403029068,0.514952655186372,1
dear-prudence,1.0 (1983–2000),0.00963627810601618,0.5222065044382465,1
dear-prudence,3.0 (2009–2020),0.07063717020248923,0.5122543701733695,1
death-don-t-hurt-very-long,3.0 (2009–2020),0.24263142306473864,0.3170059941769299,2
death-don-t-hurt-very-long,4.0 (2021–present),0.14901219932546442,0.2725870287572375,3
demand,1.0 (1983–2000),0.18545734096938443,0.5540210699611282,3
demand,3.0 (2009–2020),0.10980153862395949,0.7951843260138245,2
destiny-unbound,1.0 (1983–2000),0.22002291740176785,0.27809219746188263,2
destiny-unbound,2.0 (2003–2004),0.35042694696841287,0.8206379658836169,1
destiny-unbound,3.0 (2009–2020),0.27163435935146274,0.6852359992875858,10
destiny-unbound,4.0 (2021–present),0.2825699220259827,0.7054072488004277,5
devotion-to-a-dream,3.0 (2009–2020),0.37588403947112203,0.6459295087452281,4
devotion-to-a-dream,4.0 (2021–present),0.3113150732031086,0.7891121038399004,1
dinner-and-a-movie,1.0 (1983–2000),0.1836229805396502,0.5891717413315385,12
dinner-and-a-movie,2.0 (2003–2004),0.265131496217545,0.9598154975562715,1
dinner-and-a-movie,3.0 (2009–2020),0.25895573648131637,0.9512285216350249,6
dinner-and-a-movie,4.0 (2021–present),0.2485973038045416,0.956290130539068,2
dirt,1.0 (1983–2000),0.48395484251900456,0.6760323439017247,4
dirt,2.0 (2003–2004),0.43612864822995157,0.7312541135015646,1
dirt,3.0 (2009–2020),0.11855753296419388,0.47082324750130855,10
dirt,4.0 (2021–present),0.2420105552754633,0.7955146265039371,5
divided-sky,1.0 (1983–2000),0.45476775730547125,0.4979377982542877,14
divided-sky,2.0 (2003–2004),0.42669032844113824,0.4691574551583292,2
divided-sky,3.0 (2009–2020),0.4191687069066852,0.4745217261920397,12
divided-sky,4.0 (2021–present),0.40246704072701606,0.4941585778940815,5
divided-sky,Other/Hiatus,0.4843198702950902,0.40088857212605566,1
dog-faced-boy,1.0 (1983–2000),0.08615373145917551,0.6875810177044038,7
dog-faced-boy,2.0 (2003–2004),0.0963372282956869,0.7210426923640347,2
dog-faced-boy,3.0 (2009–2020),0.09989477284448413,0.7298227765101737,7
dog-faced-boy,4.0 (2021–present),0.01599433900416412,0.5919933878070154,1
dog-log,1.0 (1983–2000),0.13276305030684743,0.567786763331348,13
dog-log,2.0 (2003–2004),0.18241945814770885,0.050863811502383616,1
dog-log,3.0 (2009–2020),0.2685180973853427,0.9060712993455728,2
dog-log,4.0 (2021–present),0.27261247784674475,0.9597641492482621,2
dogs-stole-things,1.0 (1983–2000),0.2460885637595347,0.7997703993764005,4
dogs-stole-things,2.0 (2003–2004),0.18897656918629602,0.7845896870375253,1
dogs-stole-things,3.0 (2009–2020),0.33203693762056063,0.9330583103389458,5
dogs-stole-things,4.0 (2021–present),0.2351668585780943,0.9043381719137633,3
down-with-disease,1.0 (1983–2000),0.4672599220641196,0.4742807970949643,8
down-with-disease,2.0 (2003–2004),0.48432006508045633,0.40184097689354037,2
down-with-disease,3.0 (2009–2020),0.49538425319423907,0.40716315986469337,11
down-with-disease,4.0 (2021–present),0.4605996055370795,0.4094836140784834,5
drift-while-you-re-sleeping,3.0 (2009–2020),0.48971582475886444,0.435054600754934,2
drift-while-you-re-sleeping,4.0 (2021–present),0.35749482111844894,0.5083318847795107,5
driver,1.0 (1983–2000),0.2645399099939881,0.72772723555633,3
driver,2.0 (2003–2004),0.16786361932411079,0.8620189373675701,1
driver,3.0 (2009–2020),0.10146351267194653,0.7039850238673165,7
driver,4.0 (2021–present),0.15293872886883772,0.80920963168735,2
drowned,1.0 (1983–2000),0.3871298665406535,0.43700333180551393,5
drowned,2.0 (2003–2004),0.40637510410508926,0.4114550003326366,2
drowned,3.0 (2009–2020),0.35659512545315536,0.41898152269839284,10
drowned,4.0 (2021–present),0.3099596054107766,0.4530402289469729,2
drums,1.0 (1983–2000),0.29086647343206545,0.5874386255222523,6
drums,2.0 (2003–2004),0.1388826426575728,0.2429575760697638,1
drums,3.0 (2009–2020),0.0585334741009584,0.09774212028949009,1
emotional-rescue,1.0 (1983–2000),0.3617388969419538,0.47007297875370196,3
emotional-rescue,3.0 (2009–2020),0.17309369867085234,0.6788208661857514,2
end-of-session,3.0 (2009–2020),0.04684985827109206,0.6000036773663772,1
end-of-session,4.0 (2021–present),0.08848289285219926,0.7205148554676464,1
energy,3.0 (2009–2020),0.25330113011803934,0.5085302580074653,3
energy,4.0 (2021–present),0.38382420509988685,0.5096931612003538,3
esther,1.0 (1983–2000),0.35294358927631514,0.5970608312177629,11
esther,3.0 (2009–2020),0.3423331511099147,0.6041237689016515,6
esther,4.0 (2021–present),0.3341391099879354,0.5598428964927362,4
evening-song,3.0 (2009–2020),0.4083087442011115,0.8360005590898616,2
evening-song,4.0 (2021–present),0.3131754067236341,0.9564622601093754,3
everything-is-hollow,3.0 (2009–2020),0.18987156437314961,0.6509214289994696,2
everything-is-hollow,4.0 (2021–present),0.3351159970434452,0.9568011263991717,1
everything-s-right,3.0 (2009–2020),0.48080520928242076,0.4767025648444983,4
everything-s-right,4.0 (2021–present),0.48110256964750675,0.44821224438410134,5
farmhouse,1.0 (1983–2000),0.3297464026782291,0.6757124804375498,4
farmhouse,2.0 (2003–2004),0.17336080066709272,0.2510789362731933,1
farmhouse,3.0 (2009–2020),0.2163009603882224,0.5495052779970431,12
farmhouse,4.0 (2021–present),0.23839183274391623,0.45846586690379093,5
fast-enough-for-you,1.0 (1983–2000),0.31552963391771743,0.701726907057331,9
fast-enough-for-you,2.0 (2003–2004),0.22407369445915704,0.4723398084439068,2
fast-enough-for-you,3.0 (2009–2020),0.2212385925744415,0.5606673518066678,8
fast-enough-for-you,4.0 (2021–present),0.2576056022198642,0.8285465816090118,3
fat-man-in-the-bathtub,3.0 (2009–2020),0.1018824447351371,0.5698098262297943,1
fat-man-in-the-bathtub,4.0 (2021–present),0.31475139461708795,0.9774596037119364,1
fee,1.0 (1983–2000),0.49308987636685764,0.6002176945107147,14
fee,2.0 (2003–2004),0.34731256988309456,0.6808334455681668,1
fee,3.0 (2009–2020),0.18280061210173595,0.44409503523460925,11
fee,4.0 (2021–present),0.14653597498102944,0.23240687604285995,5
fikus,1.0 (1983–2000),0.19693317207292083,0.7358739735394195,1
fikus,4.0 (2021–present),0.22444420610005844,0.9163306169016873,1
fire,1.0 (1983–2000),0.23778293881539456,0.19958764217077307,15
fire,2.0 (2003–2004),0.22338847742502194,0.49779729938118433,2
fire,3.0 (2009–2020),0.18642552675755297,0.08254846045964104,9
fire,4.0 (2021–present),0.1557623529137256,0.14202738601221881,2
first-tube,1.0 (1983–2000),0.5688372201454571,0.5944016095056248,2
first-tube,2.0 (2003–2004),0.2337212641094574,0.36721962138561026,1
first-tube,3.0 (2009–2020),0.28724871549655323,0.28595574031545107,11
first-tube,4.0 (2021–present),0.31842226580447963,0.28211291860202986,5
five-years,3.0 (2009–2020),0.07204589897762492,0.5077525368597867,1
five-years,4.0 (2021–present),0.1284241857730778,0.6356213184785708,1
fluffhead,1.0 (1983–2000),0.44895397285360417,0.46502174876297997,16
fluffhead,3.0 (2009–2020),0.4146125234155077,0.4104087407837458,10
fluffhead,4.0 (2021–present),0.407581233032785,0.43663288711986853,5
fly-famous-mockingbird,1.0 (1983–2000),0.23857981856296748,0.6073010181004994,12
fly-famous-mockingbird,3.0 (2009–2020),0.31913483552559474,0.7307480223463001,6
fly-famous-mockingbird,4.0 (2021–present),0.2479544493037356,0.5189589564071229,2
foam,1.0 (1983–2000),0.458649696377798,0.5937700067210728,12
foam,2.0 (2003–2004),0.3824006213776201,0.5976606231559995,1
foam,3.0 (2009–2020),0.3432953677517982,0.6972457269676804,9
foam,4.0 (2021–present),0.3279284016562825,0.673831921297479,5
frankenstein,1.0 (1983–2000),0.19657863195102088,0.29880848883765887,9
frankenstein,2.0 (2003–2004),0.24296916454362577,0.43504884760589274,2
frankenstein,3.0 (2009–2020),0.16792905695526156,0.15335297710237383,9
frankenstein,4.0 (2021–present),0.1307682379947474,0.2240733321481459,2
frankie-says,1.0 (1983–2000),0.2311759781008759,0.6595048368060581,3
frankie-says,2.0 (2003–2004),0.34568647089124416,0.6372348966355538,1
frankie-says,3.0 (2009–2020),0.11298309871982752,0.4557978585640261,5
frankie-says,4.0 (2021–present),0.1832242129266704,0.49052507491994757,2
free,1.0 (1983–2000),0.4721002153895571,0.4934705884376628,6
free,2.0 (2003–2004),0.48965198641808805,0.5022999578939226,2
free,3.0 (2009–2020),0.4936843305486339,0.5685379967483899,12
free,4.0 (2021–present),0.5013926641083625,0.6177818609510134,5
free-bird,1.0 (1983–2000),0.21039954302532962,0.2784839426007274,6
free-bird,3.0 (2009–2020),0.18337096415742177,0.07229174634874944,1
friday,2.0 (2003–2004),0.320892371069157,0.28445919878903536,2
friday,3.0 (2009–2020),0.1719720937772206,0.216723832435013,1
fuck-your-face,1.0 (1983–2000),0.19533440454349374,0.005652149313720217,1
fuck-your-face,3.0 (2009–2020),0.11850788832548988,0.7824598828849465,9
fuck-your-face,4.0 (2021–present),0.09791986452124188,0.07281764228374402,4
fuego,3.0 (2009–2020),0.5036612677562495,0.44878047536027377,8
fuego,4.0 (2021–present),0.4515435212736683,0.42668454179759246,5
funky-bitch,1.0 (1983–2000),0.3940430042210399,0.6071210084593839,15
funky-bitch,2.0 (2003–2004),0.3069535225816008,0.8199837805362623,2
funky-bitch,3.0 (2009–2020),0.41419705648146155,0.6558168706876661,12
funky-bitch,4.0 (2021–present),0.31546065683142727,0.7210332664976256,5
ghost,1.0 (1983–2000),0.47415766144872207,0.4039355880455188,4
ghost,2.0 (2003–2004),0.4540281060110538,0.3917366485914734,2
ghost,3.0 (2009–2020),0.4954566210836787,0.44471226095781957,12
ghost,4.0 (2021–present),0.4986037067327111,0.5003496984815267,5
ginseng-sullivan,1.0 (1983–2000),0.2242409962668667,0.7748668884027161,8
ginseng-sullivan,2.0 (2003–2004),0.22056930493056506,0.8914379148746866,1
ginseng-sullivan,3.0 (2009–2020),0.12777543773346436,0.7877558715941764,8
ginseng-sullivan,4.0 (2021–present),0.2513949784660677,0.3097349116286089,2
glide,1.0 (1983–2000),0.16735668015695437,0.615737668305179,10
glide,2.0 (2003–2004),0.1719175436228491,0.6916071295161464,1
glide,3.0 (2009–2020),0.18671190225317666,0.8613427854511485,7
glide,4.0 (2021–present),0.3083526248589062,0.9786190666379234,1
glide-ii,1.0 (1983–2000),0.04579643850745939,0.6023926637888989,1
glide-ii,3.0 (2009–2020),0.17255205182701394,0.8612524551999379,1
gloria,1.0 (1983–2000),0.056956635303010476,0.0951359089061955,1
gloria,3.0 (2009–2020),0.02394785608051533,0.5577724253216847,1
golden-age,3.0 (2009–2020),0.3494007792152778,0.4187338583490559,12
golden-age,4.0 (2021–present),0.436116684307728,0.41804836773515003,5
golden-lady,1.0 (1983–2000),0.2859712338139256,0.9478364882053006,1
golden-lady,2.0 (2003–2004),0.16924485260704117,0.7970831092704547,1
golgi-apparatus,1.0 (1983–2000),0.612452821190253,0.5489449561479871,15
golgi-apparatus,2.0 (2003–2004),0.18869743150480245,0.6464937938747349,2
golgi-apparatus,3.0 (2009–2020),0.24379266709370453,0.24385386438904882,11
golgi-apparatus,4.0 (2021–present),0.21615130627884888,0.24218772337036998,5
good-times-bad-times,1.0 (1983–2000),0.25344229568619514,0.2846897598689054,15
good-times-bad-times,2.0 (2003–2004),0.20951893632591456,0.3696282033824425,2
good-times-bad-times,3.0 (2009–2020),0.22491360295086296,0.17659167202503734,12
good-times-bad-times,4.0 (2021–present),0.1317655595729411,0.2793043184089751,4
gotta-jibboo,1.0 (1983–2000),0.5231209306902203,0.518182478869439,2
gotta-jibboo,2.0 (2003–2004),0.4178111964309744,0.458662549054603,2
gotta-jibboo,3.0 (2009–2020),0.3163268442878197,0.48572976708137844,12
gotta-jibboo,4.0 (2021–present),0.306654459126044,0.4914874430955447,5
grind,1.0 (1983–2000),0.06780285859211885,0.0735252215032116,1
grind,3.0 (2009–2020),0.12738214557557034,0.09204980353519038,9
grind,4.0 (2021–present),0.1112322345750545,0.06504095382050705,4
guelah-papyrus,1.0 (1983–2000),0.37386213821719433,0.7473196950305669,10
guelah-papyrus,3.0 (2009–2020),0.22858109871289725,0.7277836280394584,11
guelah-papyrus,4.0 (2021–present),0.13082158355540743,0.7046444393501633,3
gumbo,1.0 (1983–2000),0.3770935966853354,0.556015924995487,10
gumbo,2.0 (2003–2004),0.403105003808464,0.5901145836679651,2
gumbo,3.0 (2009–2020),0.3072464259499544,0.71572544605966,11
gumbo,4.0 (2021–present),0.25954745341610574,0.6927284008305177,5
guy-forget,1.0 (1983–2000),0.38690911320968535,0.4063543252220983,1
guy-forget,3.0 (2009–2020),0.1754476080572331,0.1349554524952837,1
guy-forget,4.0 (2021–present),0.2653135128903112,0.41061265214406034,2
guyute,1.0 (1983–2000),0.42413371412573836,0.5722473483096829,7
guyute,2.0 (2003–2004),0.4070849506755269,0.4693689647432615,2
guyute,3.0 (2009–2020),0.3433084440009808,0.5361717100437058,10
guyute,4.0 (2021–present),0.3393109510731761,0.5896150476158508,5
guyute,Other/Hiatus,0.5412566784982031,0.5889042838249947,1
ha-ha-ha,1.0 (1983–2000),0.07221283003637914,0.6267456390781592,6
ha-ha-ha,2.0 (2003–2004),0.056802754863785464,0.07787474164874048,1
ha-ha-ha,3.0 (2009–2020),0.20434216665831823,0.9695284402913087,8
ha-ha-ha,4.0 (2021–present),0.08279735406019126,0.7817255718618524,1
halfway-to-the-moon,3.0 (2009–2020),0.36776194238818877,0.6617922191297528,9
halfway-to-the-moon,4.0 (2021–present),0.3221810467031541,0.7313072051880712,5
halley-s-comet,1.0 (1983–2000),0.21981698746141992,0.524410448667057,12
halley-s-comet,2.0 (2003–2004),0.3856558103418768,0.587637707724129,2
halley-s-comet,3.0 (2009–2020),0.3262066092274011,0.6815642465892194,11
halley-s-comet,4.0 (2021–present),0.39141295069668675,0.6593124840451812,5
happiness-is-a-warm-gun,1.0 (1983–2000),0.1093160899212085,0.061284728622681243,1
happiness-is-a-warm-gun,3.0 (2009–2020),0.19646972642764396,0.937941118344298,1
happy-birthday-to-you,1.0 (1983–2000),0.029014613023706344,0.5483675724347034,7
happy-birthday-to-you,3.0 (2009–2020),0.14646345331366917,0.7844310628393107,4
happy-birthday-to-you,4.0 (2021–present),0.1996446663840297,0.9897768749814911,1
harpua,1.0 (1983–2000),0.3102433596335952,0.3448678586509626,12
harpua,2.0 (2003–2004),0.04257052629632173,0.43610765366870297,1
harpua,3.0 (2009–2020),0.2927581609891209,0.2999901348022095,6
harpua,4.0 (2021–present),0.3443655858310336,0.44207521211453726,2
harry-hood,1.0 (1983–2000),0.4944786037604525,0.413000519898713,16
harry-hood,2.0 (2003–2004),0.47095494407394334,0.3932057268217015,2
harry-hood,3.0 (2009–2020),0.5251208843107995,0.4136890265574193,12
harry-hood,4.0 (2021–present),0.5156130620278006,0.41489341053602197,5
harry-hood,Other/Hiatus,0.5541072637082816,0.44800174886432836,1
have-mercy,1.0 (1983–2000),0.11971040603501654,0.5281360020258523,4
have-mercy,3.0 (2009–2020),0.13036923555006802,0.21079462831612092,6
head-held-high,1.0 (1983–2000),0.042847490583203994,0.43552666697319137,1
head-held-high,3.0 (2009–2020),0.35087992546322677,0.7316575545309035,1
heavy-rotation,3.0 (2009–2020),0.2790969348297989,0.8511242629518727,1
heavy-rotation,4.0 (2021–present),0.24943586569823756,0.7712508889486958,1
heavy-things,1.0 (1983–2000),0.5670614542294065,0.6163999545512848,2
heavy-things,2.0 (2003–2004),0.28856278407010827,0.7639973535049509,2
heavy-things,3.0 (2009–2020),0.26435925425581935,0.6871061446467657,11
heavy-things,4.0 (2021–present),0.247121082540791,0.8339107015499193,5
hello-my-baby,1.0 (1983–2000),0.25185263949856423,0.17255445489226642,5
hello-my-baby,3.0 (2009–2020),0.15256083244376223,0.5277714499595281,2
highway-to-hell,1.0 (1983–2000),0.19779299056043462,0.11369200541014514,8
highway-to-hell,3.0 (2009–2020),0.1318612453210761,0.12964648142750992,1
hold-your-head-up,1.0 (1983–2000),0.30984966444940093,0.24882001169783727,13
hold-your-head-up,2.0 (2003–2004),0.12530425730482542,0.3988540871928208,2
hold-your-head-up,3.0 (2009–2020),0.1208839314805773,0.062122108182540006,9
hold-your-head-up,4.0 (2021–present),0.06071236370996082,0.07514895774557265,3
horn,1.0 (1983–2000),0.25337497427551686,0.7918072740166543,11
horn,2.0 (2003–2004),0.46611463024478306,0.7340883123022224,2
horn,3.0 (2009–2020),0.16921608588402548,0.7006725349871658,11
horn,4.0 (2021–present),0.14716203565142202,0.8228374121959042,5
horn,Other/Hiatus,0.5891129620003891,0.6114459121005298,1
how-high-the-moon,1.0 (1983–2000),0.11533750532148496,0.6760131318706837,2
how-high-the-moon,3.0 (2009–2020),0.002788547301196468,0.5857367278105923,1
how-many-people-are-you,3.0 (2009–2020),0.3248491653887892,0.6908330927083589,5
how-many-people-are-you,4.0 (2021–present),0.32405910056606474,0.7379654233650561,1
i-always-wanted-it-this-way,3.0 (2009–2020),0.30060018907302893,0.39024922130256035,5
i-always-wanted-it-this-way,4.0 (2021–present),0.2899019251324607,0.42787764030605546,5
i-am-hydrogen,1.0 (1983–2000),0.2426844741977155,0.5390562459928445,16
i-am-hydrogen,2.0 (2003–2004),0.5256849724791857,0.7157154041995152,2
i-am-hydrogen,3.0 (2009–2020),0.12562027093168157,0.7292008320424972,11
i-am-hydrogen,4.0 (2021–present),0.16879907091891186,0.7815218057830794,5
i-am-the-walrus,3.0 (2009–2020),0.16995304093890154,0.4213712936412385,3
i-am-the-walrus,4.0 (2021–present),0.1665674662387239,0.47967233456837366,3
i-been-around,3.0 (2009–2020),0.11650484376870644,0.32195616923305154,6
i-been-around,4.0 (2021–present),0.10280209308563004,0.7824971214496503,2
i-didn-t-know,1.0 (1983–2000),0.4482715987086837,0.7107227168587351,14
i-didn-t-know,2.0 (2003–2004),0.12362196786078367,0.7656180097786333,1
i-didn-t-know,3.0 (2009–2020),0.1694873398841224,0.708420457705196,11
i-didn-t-know,4.0 (2021–present),0.1637226772260292,0.7599081430141266,5
i-found-a-reason,1.0 (1983–2000),0.10800764485403411,0.19045367543471375,1
i-found-a-reason,3.0 (2009–2020),0.17630764695976642,0.13709100979690383,1
icculus,1.0 (1983–2000),0.2007845811020755,0.2882059000554115,10
icculus,3.0 (2009–2020),0.16524226963006425,0.21848022525287009,4
icculus,4.0 (2021–present),0.1675355802638628,0.11940280778777868,3
if-i-could,1.0 (1983–2000),0.28236789436055565,0.6665220514832223,5
if-i-could,3.0 (2009–2020),0.22208449928607063,0.46345271973786656,5
if-i-could,4.0 (2021–present),0.24156119056178377,0.6043315796185386,5
iron-man,2.0 (2003–2004),0.06856637621981516,0.07400367429803097,1
iron-man,3.0 (2009–2020),0.20294993312813345,0.009686513117017098,1
it-s-ice,1.0 (1983–2000),0.48331984222549373,0.6100856352166919,9
it-s-ice,2.0 (2003–2004),0.3614037174602588,0.6513413856344403,1
it-s-ice,3.0 (2009–2020),0.299722716880229,0.6206733355465717,11
it-s-ice,4.0 (2021–present),0.2689278348103634,0.5976668993185901,5
izabella,1.0 (1983–2000),0.14895726985222207,0.3593919013281243,2
izabella,3.0 (2009–2020),0.20506242911991196,0.24579333228854597,2
izabella,4.0 (2021–present),0.1304202385604041,0.4252169821226763,4
jam,1.0 (1983–2000),0.2382875072396082,0.5349381070414871,16
jam,2.0 (2003–2004),0.330985368317906,0.7384379021828912,2
jam,3.0 (2009–2020),0.3309147432448999,0.7993880416043564,7
jam,4.0 (2021–present),0.3460645031534828,0.8867916949539514,3
jennifer-dances,1.0 (1983–2000),0.15342535909861205,0.49288552804772895,1
jennifer-dances,3.0 (2009–2020),0.18232886244874608,0.011230867525131033,1
jesus-just-left-chicago,1.0 (1983–2000),0.2818769410489881,0.3885398677421933,13
jesus-just-left-chicago,2.0 (2003–2004),0.2925037200416775,0.4531382184410486,1
jesus-just-left-chicago,3.0 (2009–2020),0.30043176764992746,0.6780522222287825,7
jesus-just-left-chicago,4.0 (2021–present),0.354944973031556,0.7704620915362972,1
joy,3.0 (2009–2020),0.2185280978198166,0.2366133636052026,11
joy,4.0 (2021–present),0.15265941177977008,0.524492143383444,5
julius,1.0 (1983–2000),0.49851759109716876,0.546049367179175,7
julius,2.0 (2003–2004),0.3673304889578124,0.5108536004182993,2
julius,3.0 (2009–2020),0.31591034704170545,0.3161672938262574,11
julius,4.0 (2021–present),0.2639712238657756,0.6104588344403632,5
julius,Other/Hiatus,0.9999985237319622,0.5068330325501783,1
jungle-boogie,2.0 (2003–2004),0.2651721320330665,0.39068745435544533,1
jungle-boogie,4.0 (2021–present),0.12328911042568988,0.03844468043848898,1
keyboard-army,1.0 (1983–2000),0.2696100577403286,0.21340713620142185,1
keyboard-army,3.0 (2009–2020),0.17270759306778155,0.017434156894487806,1
kill-devil-falls,3.0 (2009–2020),0.5048581828235352,0.6066729136954654,11
kill-devil-falls,4.0 (2021–present),0.42929795601873555,0.5314772334061632,5
kung,1.0 (1983–2000),0.11203859473143311,0.46610169038444005,9
kung,2.0 (2003–2004),0.09201912890713046,0.3600321890432241,2
kung,3.0 (2009–2020),0.1503768245929688,0.07150810933670305,5
l-a-woman,2.0 (2003–2004),0.06439302798793012,0.5097079450500115,1
l-a-woman,4.0 (2021–present),0.15107762133277847,0.5043451152091921,1
la-grange,1.0 (1983–2000),0.1989166201966877,0.2313307117414775,11
la-grange,3.0 (2009–2020),0.10356032587878802,0.49484157547673613,1
lawn-boy,1.0 (1983–2000),0.15840870177173283,0.6222166206825406,12
lawn-boy,2.0 (2003–2004),0.10739217435644094,0.6025166296225855,2
lawn-boy,3.0 (2009–2020),0.2889902780393996,0.7303513688705776,11
lawn-boy,4.0 (2021–present),0.12522723507032194,0.8102403635450909,5
lawn-boy,Other/Hiatus,0.6144379711230079,0.5536196280057996,1
leaves,3.0 (2009–2020),0.23594064344495677,0.29409064221135894,1
leaves,4.0 (2021–present),0.28742721357831974,0.6637548449069568,5
lengthwise,1.0 (1983–2000),0.1517892030307537,0.3661516625856888,4
lengthwise,3.0 (2009–2020),0.10378046922400443,0.5505602079483276,8
lengthwise,4.0 (2021–present),0.19463286966966514,0.9758347284622905,1
let-s-go,1.0 (1983–2000),0.1889911678368927,0.10880162533085257,1
let-s-go,3.0 (2009–2020),0.13868817509916778,0.6364997487907811,1
letter-to-jimmy-page,1.0 (1983–2000),0.5965848158738017,0.5602564723624066,8
letter-to-jimmy-page,3.0 (2009–2020),0.1691073392644999,0.9066967305702442,8
letter-to-jimmy-page,4.0 (2021–present),0.13124892214492478,0.460600831456722,3
life-on-mars,1.0 (1983–2000),0.2475721003671171,0.190191924587118,3
life-on-mars,2.0 (2003–2004),0.2244021324609792,0.9151123440077222,1
life-on-mars,3.0 (2009–2020),0.07647403672024009,0.6729518870770511,2
lifeboy,1.0 (1983–2000),0.2931986254852744,0.3809750433508497,6
lifeboy,2.0 (2003–2004),0.2824959426720833,0.5424541822115979,2
lifeboy,3.0 (2009–2020),0.19221487589783495,0.41425934958778865,6
lifeboy,4.0 (2021–present),0.14018611557198077,0.42142144482934624,5
light,3.0 (2009–2020),0.5123493409519153,0.42524800953827946,11
light,4.0 (2021–present),0.450176732863414,0.43266214500920247,5
light-up-or-leave-me-alone,1.0 (1983–2000),0.3004397218128711,0.5908171652024069,5
light-up-or-leave-me-alone,2.0 (2003–2004),0.346713681771274,0.7414917434291716,1
light-up-or-leave-me-alone,3.0 (2009–2020),0.2279138050560581,0.5317175406982412,3
limb-by-limb,1.0 (1983–2000),0.5281608175047499,0.5796706307064555,4
limb-by-limb,2.0 (2003–2004),0.5012411723528376,0.5254146695491144,2
limb-by-limb,3.0 (2009–2020),0.27160319002864597,0.4289039672274596,11
limb-by-limb,4.0 (2021–present),0.259982237419946,0.5258822901522034,5
llama,1.0 (1983–2000),0.23327193015136197,0.6403280452556883,11
llama,2.0 (2003–2004),0.37024240331433655,0.8428019551315742,2
llama,3.0 (2009–2020),0.2608414433587427,0.8736241198786107,11
llama,4.0 (2021–present),0.1981565779499972,0.6858744361158475,5
lonesome-cowboy-bill,1.0 (1983–2000),0.20016549426038266,0.5053789996763824,2
lonesome-cowboy-bill,2.0 (2003–2004),0.2740717049733276,0.9625451633822268,1
lonesome-cowboy-bill,3.0 (2009–2020),0.24382972244664117,0.9562108881751007,3
long-cool-woman-in-a-black-dress,1.0 (1983–2000),0.5848006907950238,0.6668475518712054,2
long-cool-woman-in-a-black-dress,2.0 (2003–2004),0.06954200485934128,0.5071873916635545,1
love-you,1.0 (1983–2000),0.19868771663592713,0.19442381317416738,11
love-you,2.0 (2003–2004),0.12920137425791645,0.5103384502325179,2
love-you,3.0 (2009–2020),0.16709927129564317,0.19529423556781303,3
loving-cup,1.0 (1983–2000),0.3171062100117177,0.5576202283788639,8
loving-cup,2.0 (2003–2004),0.34477017297719653,0.4791016011176497,2
loving-cup,3.0 (2009–2020),0.27485437692251874,0.19884571839490722,11
loving-cup,4.0 (2021–present),0.212678042282408,0.2972868593682582,5
loving-cup,Other/Hiatus,0.9999969654490333,0.5068319865230798,1
low-rider,1.0 (1983–2000),0.14033459328026163,0.4794895936342789,5
low-rider,2.0 (2003–2004),0.04146389937215755,0.5640956823767075,1
magilla,1.0 (1983–2000),0.1042131285295749,0.48999546558875356,8
magilla,2.0 (2003–2004),0.20699482553700121,0.7709495401641631,1
makisupa-policeman,1.0 (1983–2000),0.21720850385339788,0.5471804246581781,15
makisupa-policeman,2.0 (2003–2004),0.15291901966534605,0.5659771015835038,2
makisupa-policeman,3.0 (2009–2020),0.14465743415470358,0.3620207272361607,11
makisupa-policeman,4.0 (2021–present),0.12339408948616051,0.19542806311253313,2
manteca,1.0 (1983–2000),0.07108152688188754,0.43828724871116675,7
manteca,3.0 (2009–2020),0.06663666835337125,0.25944859425348044,5
martian-monster,3.0 (2009–2020),0.4527154730585081,0.6593035114571812,6
martian-monster,4.0 (2021–present),0.2375990870594424,0.7137290684747469,5
maze,1.0 (1983–2000),0.5108131610361769,0.5148824783905911,9
maze,2.0 (2003–2004),0.3896634731161646,0.5434741181979937,2
maze,3.0 (2009–2020),0.35696497416705214,0.5692206572778684,11
maze,4.0 (2021–present),0.4270049631926396,0.5934479233549446,5
mcgrupp-and-the-watchful-hosemasters,1.0 (1983–2000),0.29450467289836996,0.42382334968653357,16
mcgrupp-and-the-watchful-hosemasters,2.0 (2003–2004),0.2791486240741057,0.5292470803872755,1
mcgrupp-and-the-watchful-hosemasters,3.0 (2009–2020),0.27505431352859616,0.5208869877436773,10
mcgrupp-and-the-watchful-hosemasters,4.0 (2021–present),0.3228799798467884,0.6387464406603471,4
meat,1.0 (1983–2000),0.3015966456504192,0.725730532540764,3
meat,2.0 (2003–2004),0.2981414428707541,0.8755204972729144,1
meat,3.0 (2009–2020),0.25429070513348223,0.7388469452684684,12
meat,4.0 (2021–present),0.2166554723175036,0.6720708300745715,5
meatstick,1.0 (1983–2000),0.25333959253894955,0.47581097202463285,3
meatstick,2.0 (2003–2004),0.2486399086181883,0.5848512193816827,2
meatstick,3.0 (2009–2020),0.2530151134375637,0.2705805657277171,11
meatstick,4.0 (2021–present),0.15397291101460192,0.39455122276151244,5
mellow-mood,1.0 (1983–2000),0.22172762173977736,0.939225918561723,1
mellow-mood,2.0 (2003–2004),0.0406028455353482,0.6031343434917751,1
mellow-mood,3.0 (2009–2020),0.30707824288262986,0.8144582237464981,3
mercury,3.0 (2009–2020),0.40356564044372434,0.39962412875821846,5
mercury,4.0 (2021–present),0.34258918878476713,0.4371436505295059,5
mexican-cousin,2.0 (2003–2004),0.17811064694555734,0.4820970224768908,2
mexican-cousin,3.0 (2009–2020),0.15173642644839988,0.7563200724836342,8
midnight-rider,1.0 (1983–2000),0.052321030641767956,0.5174896893108908,1
midnight-rider,4.0 (2021–present),0.1507413602797085,0.8344058675332668,1
mike-s-song,1.0 (1983–2000),0.5412589134039827,0.49276925632447743,16
mike-s-song,2.0 (2003–2004),0.49812311997521674,0.5559341489214369,2
mike-s-song,3.0 (2009–2020),0.5308015432167934,0.5002454212023371,11
mike-s-song,4.0 (2021–present),0.4294297231929767,0.5854697584500277,5
mind-left-body-jam,1.0 (1983–2000),0.21223039507587924,0.5026814497879797,4
mind-left-body-jam,3.0 (2009–2020),0.32245465414617774,0.3655486962457716,2
miss-you,3.0 (2009–2020),0.21408903159297665,0.33736356980910565,4
miss-you,4.0 (2021–present),0.17192351020616883,0.45378115318583356,4
mock-song,2.0 (2003–2004),0.16522767097946756,0.8273218930821765,1
mock-song,3.0 (2009–2020),0.17963486422055477,0.8074565251379605,2
moonage-daydream,3.0 (2009–2020),0.1656947304058788,0.6401745930803494,4
moonage-daydream,4.0 (2021–present),0.19579651744679197,0.5506434252152689,5
more,3.0 (2009–2020),0.30375784439113795,0.26041346127159054,5
more,4.0 (2021–present),0.24629142246647442,0.26677076941429784,5
most-events-aren-t-planned,3.0 (2009–2020),0.34699135343659104,0.5559353925314316,3
most-events-aren-t-planned,4.0 (2021–present),0.2975177939507498,0.4977544471377189,5
mound,1.0 (1983–2000),0.43026700296325954,0.7087781989728572,5
mound,3.0 (2009–2020),0.2476856704874192,0.7109038190170422,11
mound,4.0 (2021–present),0.25405118448878616,0.7990763022839793,2
mound,Other/Hiatus,0.5905856008793309,0.598007299781464,1
mountains-in-the-mist,1.0 (1983–2000),0.2243767744818704,0.5823136157535215,1
mountains-in-the-mist,2.0 (2003–2004),0.27361433611888025,0.5881116277348553,1
mountains-in-the-mist,3.0 (2009–2020),0.17923617830209532,0.5850259175296428,6
mountains-in-the-mist,4.0 (2021–present),0.3013175169393043,0.5985239906779924,5
mr-completely,2.0 (2003–2004),0.39181214792673225,0.3922215925655646,1
mr-completely,3.0 (2009–2020),0.4088655759738689,0.4112851662106841,2
mr-completely,4.0 (2021–present),0.38356974877465144,0.4337746529409935,4
mustang-sally,1.0 (1983–2000),0.27347486851526454,0.6347213632531796,3
mustang-sally,3.0 (2009–2020),0.2868550246774093,0.4528931691594577,1
my-friend-my-friend,1.0 (1983–2000),0.3489868269937497,0.780744351953437,9
my-friend-my-friend,2.0 (2003–2004),0.25957250383937336,0.7281894865536471,1
my-friend-my-friend,3.0 (2009–2020),0.23663490462314044,0.6425096626172091,11
my-friend-my-friend,4.0 (2021–present),0.4253949596231465,0.6138393150819116,5
my-mind-s-got-a-mind-of-its-own,1.0 (1983–2000),0.14028712716209962,0.8067796874926633,9
my-mind-s-got-a-mind-of-its-own,2.0 (2003–2004),0.1583197925039661,0.8876392325991881,2
my-mind-s-got-a-mind-of-its-own,3.0 (2009–2020),0.20028085589345987,0.9350932282111741,3
my-mind-s-got-a-mind-of-its-own,4.0 (2021–present),0.25136899768638044,0.6588303934005639,2
my-soul,1.0 (1983–2000),0.4925845108604221,0.6196772155632653,4
my-soul,3.0 (2009–2020),0.3209028523159293,0.7767704252713824,9
my-soul,4.0 (2021–present),0.31801307300959447,0.8541384946386927,5
my-sweet-one,1.0 (1983–2000),0.25351966648398533,0.6475864737817492,11
my-sweet-one,2.0 (2003–2004),0.15298339110291392,0.8824069818078222,2
my-sweet-one,3.0 (2009–2020),0.13629452437217038,0.8151187549915833,10
my-sweet-one,4.0 (2021–present),0.1705778150006917,0.7855286474511644,4
nellie-kane,1.0 (1983–2000),0.26915755980151657,0.710191358337782,5
nellie-kane,3.0 (2009–2020),0.21614659042261677,0.8807773645686633,11
nellie-kane,4.0 (2021–present),0.10422109935179326,0.7963107693510713,3
nicu,1.0 (1983–2000),0.4249506798327085,0.6833418766628054,8
nicu,2.0 (2003–2004),0.2309886894083981,0.6465796378319457,2
nicu,3.0 (2009–2020),0.38027727635354247,0.7166809569465009,11
nicu,4.0 (2021–present),0.31696249044859703,0.7395706797953451,5
nicu,Other/Hiatus,0.5871476391675317,0.6107198995590833,1
no-men-in-no-man-s-land,3.0 (2009–2020),0.5098775249078711,0.4840614991409328,6
no-men-in-no-man-s-land,4.0 (2021–present),0.4663925633325652,0.4689390388889165,5
no-quarter,3.0 (2009–2020),0.1862419569277886,0.3667597588168346,9
no-quarter,4.0 (2021–present),0.17397024307019793,0.40049111960185513,4
no2,1.0 (1983–2000),0.25547016448455456,0.9026184801189068,2
no2,3.0 (2009–2020),0.14284807288893003,0.06830280336657081,3
no2,4.0 (2021–present),0.08703004006570951,0.5669758598796028,1
nothing,2.0 (2003–2004),0.3021315980287803,0.5927558950716736,1
nothing,3.0 (2009–2020),0.222086852088256,0.8309393802191812,5
nothing,4.0 (2021–present),0.22909937515725076,0.4769314065173253,2
ocelot,3.0 (2009–2020),0.5100274993879126,0.5818758882804007,11
ocelot,4.0 (2021–present),0.36044852590638193,0.6398123771412116,5
oh-sweet-nuthin,1.0 (1983–2000),0.20558089394221818,0.2198729609386982,1
oh-sweet-nuthin,3.0 (2009–2020),0.191874011759008,0.24064702424583886,3
olivia-s-pool,1.0 (1983–2000),0.1497009296244368,0.6843053489781176,1
olivia-s-pool,3.0 (2009–2020),0.3149613168565144,0.9130479514163649,1
olivia-s-pool,4.0 (2021–present),0.2520484295470865,0.9455526623737405,3
on-your-way-down,1.0 (1983–2000),0.2448693893382405,0.6088146193119196,3
on-your-way-down,2.0 (2003–2004),0.2785750202561403,0.6924868150608748,1
on-your-way-down,3.0 (2009–2020),0.25027829959182624,0.6978591172581965,3
on-your-way-down,4.0 (2021–present),0.34602627908834954,0.6989499143164336,1
once-in-a-lifetime,1.0 (1983–2000),0.08452881143138313,0.474433656521614,1
once-in-a-lifetime,3.0 (2009–2020),0.19559972271585505,0.013952537055045061,1
party-time,3.0 (2009–2020),0.3176263599837373,0.7016201658031984,11
party-time,4.0 (2021–present),0.2863836612312596,0.7020989672737172,4
passing-through,3.0 (2009–2020),0.25046035214610723,0.2545128805219945,3
passing-through,4.0 (2021–present),0.10772241244095364,0.5550008544879141,2
paul-and-silas,1.0 (1983–2000),0.20808179451698058,0.751220806604048,8
paul-and-silas,3.0 (2009–2020),0.20887144926525011,0.9275085089655447,5
paul-and-silas,4.0 (2021–present),0.22774518756610784,0.9524342654488556,1
peaches-en-regalia,1.0 (1983–2000),0.25269620109690405,0.5853509065266,9
peaches-en-regalia,3.0 (2009–2020),0.1406746167664559,0.7638137292590841,5
peaches-en-regalia,4.0 (2021–present),0.22439732433799475,0.9512232450094396,2
pebbles-and-marbles,2.0 (2003–2004),0.4209512082956586,0.4466098529058098,2
pebbles-and-marbles,3.0 (2009–2020),0.2902604860664286,0.5402464156254319,8
pebbles-and-marbles,4.0 (2021–present),0.3466992984097661,0.5921236298032925,5
petrichor,3.0 (2009–2020),0.4052915720616356,0.4550149828272569,4
petrichor,4.0 (2021–present),0.3912938702008961,0.4605664869003237,2
piper,1.0 (1983–2000),0.5299057765773714,0.46594608223102607,4
piper,2.0 (2003–2004),0.49860203567930705,0.4179256774733973,2
piper,3.0 (2009–2020),0.36154512651012227,0.3728120265710409,12
piper,4.0 (2021–present),0.46850577951760525,0.4447410499480729,5
piper,Other/Hiatus,0.4456992836675895,0.48726747921741737,1
plasma,3.0 (2009–2020),0.30478455805589116,0.4629371562260997,7
plasma,4.0 (2021–present),0.32278396635946005,0.5341135471248457,5
poor-heart,1.0 (1983–2000),0.571708212915824,0.5776169540815954,11
poor-heart,2.0 (2003–2004),0.13988444942511766,0.7723130016193894,2
poor-heart,3.0 (2009–2020),0.20744644053425237,0.8835785321580576,11
poor-heart,4.0 (2021–present),0.2126452363260109,0.945412029841619,3
possum,1.0 (1983–2000),0.5294942873655384,0.5285460678934814,16
possum,2.0 (2003–2004),0.4923265073911512,0.5443135549444795,2
possum,3.0 (2009–2020),0.5319235889404641,0.5150605935604061,12
possum,4.0 (2021–present),0.35134944533636775,0.31290568617396014,5
prince-caspian,1.0 (1983–2000),0.5134686084211537,0.48183037564134823,6
prince-caspian,2.0 (2003–2004),0.2732421464565128,0.3383695140934485,2
prince-caspian,3.0 (2009–2020),0.2706734576910089,0.2719037406115,11
prince-caspian,4.0 (2021–present),0.2781947543696047,0.5413449649067207,5
proud-mary,1.0 (1983–2000),0.9999954071661044,0.5068333347357845,1
proud-mary,2.0 (2003–2004),0.1929664808626146,0.18821528204679516,1
psycho-killer,1.0 (1983–2000),0.242945571166156,0.4556430581759826,2
psycho-killer,3.0 (2009–2020),0.08978747296763563,0.4374231489702049,2
punch-you-in-the-eye,1.0 (1983–2000),0.4389200558004714,0.6209172923109709,9
punch-you-in-the-eye,2.0 (2003–2004),0.3528342326710378,0.728823402220339,2
punch-you-in-the-eye,3.0 (2009–2020),0.34961006840226444,0.6355426339957226,11
punch-you-in-the-eye,4.0 (2021–present),0.3640284810241429,0.706930124785454,5
purple-rain,1.0 (1983–2000),0.22289832792346026,0.31331960154843275,5
purple-rain,3.0 (2009–2020),0.150731508240928,0.33765553522208014,1
quadrophonic-toppling,1.0 (1983–2000),0.41800714025741725,0.36147247828319895,1
quadrophonic-toppling,4.0 (2021–present),0.421312227593947,0.37341324081556826,1
quinn-the-eskimo-the-mighty-quinn,1.0 (1983–2000),0.22756669240772368,0.6168532445831254,5
quinn-the-eskimo-the-mighty-quinn,3.0 (2009–2020),0.2096040190864234,0.14732463576522856,8
ramble-on,1.0 (1983–2000),0.3569068461130611,0.7244804604230068,1
ramble-on,3.0 (2009–2020),0.19134323188822616,0.23689542481229275,1
reba,1.0 (1983–2000),0.4548657138409007,0.4938185319181687,12
reba,2.0 (2003–2004),0.4023927864950836,0.49670210900913386,2
reba,3.0 (2009–2020),0.4066930835263639,0.5155458455313653,11
reba,4.0 (2021–present),0.41182898927452316,0.5297946639507775,5
ride-captain-ride,1.0 (1983–2000),0.1929038932489258,0.2218785784296474,7
ride-captain-ride,3.0 (2009–2020),0.25282364070416263,0.7361071329796585,4
rift,1.0 (1983–2000),0.391570574346796,0.6666943902589493,10
rift,2.0 (2003–2004),0.3363934097262402,0.8727135416669088,2
rift,3.0 (2009–2020),0.4124985690964487,0.6726061402534519,11
rift,4.0 (2021–present),0.4088904572414238,0.7134650047450114,5
rift,Other/Hiatus,0.6063063177034207,0.5169626543686113,1
rise-come-together,3.0 (2009–2020),0.2507736261231965,0.2538613748926718,4
rise-come-together,4.0 (2021–present),0.2752436452248234,0.5188174870533226,2
rock-and-roll,1.0 (1983–2000),0.29213949767745107,0.4394389013014855,3
rock-and-roll,2.0 (2003–2004),0.45501355593377635,0.5377933484206083,2
rock-and-roll,3.0 (2009–2020),0.3191252103092472,0.2883058000017573,11
rock-and-roll,4.0 (2021–present),0.18627861758406233,0.2977907320743847,5
rocky-top,1.0 (1983–2000),0.19920731685188056,0.18852144836724236,14
rocky-top,2.0 (2003–2004),0.07250620755332131,0.7169298649058327,1
rocky-top,3.0 (2009–2020),0.12951961766462144,0.09710536872710915,10
rocky-top,4.0 (2021–present),0.10043992582491244,0.085120129703641,1
roggae,1.0 (1983–2000),0.4843242170843128,0.5841046930865837,3
roggae,2.0 (2003–2004),0.3655621389819832,0.6176685878387773,2
roggae,3.0 (2009–2020),0.3583891063639024,0.589925020312684,11
roggae,4.0 (2021–present),0.35006342621594916,0.6106689696619133,5
roses-are-free,1.0 (1983–2000),0.3324740808339996,0.5471725736436783,4
roses-are-free,2.0 (2003–2004),0.3174641909145913,0.8938593978723994,1
roses-are-free,3.0 (2009–2020),0.31725027301219433,0.7190276373841531,11
roses-are-free,4.0 (2021–present),0.30698648231591846,0.5082311175023625,3
round-room,2.0 (2003–2004),0.3557098234012309,0.6320726134345491,1
round-room,3.0 (2009–2020),0.14806241562846237,0.7408534809387595,2
round-room,4.0 (2021–present),0.04758225124765666,0.49580845319137984,1
ruby-waves,3.0 (2009–2020),0.3302875651216175,0.3344291401833913,1
ruby-waves,4.0 (2021–present),0.42380207666214814,0.40293127708890564,5
run-like-an-antelope,1.0 (1983–2000),0.5405994419173721,0.45335464144771265,16
run-like-an-antelope,2.0 (2003–2004),0.46486193479976096,0.43800788974074756,2
run-like-an-antelope,3.0 (2009–2020),0.5141104672099237,0.4561495212519931,12
run-like-an-antelope,4.0 (2021–present),0.33156034908900217,0.5044809476391843,5
runaway-jim,1.0 (1983–2000),0.530584921385959,0.5499642979328785,11
runaway-jim,2.0 (2003–2004),0.42014247995930254,0.5876525845539733,2
runaway-jim,3.0 (2009–2020),0.390590525873535,0.6136394541709727,11
runaway-jim,4.0 (2021–present),0.358962590363238,0.623256534333701,5
runaway-jim,Other/Hiatus,0.5513600929195909,0.4262276487835239,1
sabotage,1.0 (1983–2000),0.0358450796939721,0.44160184126803775,1
sabotage,3.0 (2009–2020),0.1812903950249275,0.024944875534165363,2
sabotage,4.0 (2021–present),0.08277246254077499,0.08356061952512323,1
sample-in-a-jar,1.0 (1983–2000),0.5167566161566342,0.6511509970800038,8
sample-in-a-jar,2.0 (2003–2004),0.5225386557197564,0.6531550222852587,2
sample-in-a-jar,3.0 (2009–2020),0.5120098608143738,0.6598764321215117,11
sample-in-a-jar,4.0 (2021–present),0.3225652198303559,0.6658588005676812,5
sample-in-a-jar,Other/Hiatus,0.610739612132307,0.507222445193875,1
sand,1.0 (1983–2000),0.4832552247432529,0.4241196136171157,2
sand,2.0 (2003–2004),0.38558154073215223,0.6110718818664415,2
sand,3.0 (2009–2020),0.45802101635682435,0.45418463489400424,12
sand,4.0 (2021–present),0.49248275088442295,0.5122388889723127,5
sanity,1.0 (1983–2000),0.20892760383592668,0.29223866866738335,9
sanity,2.0 (2003–2004),0.29890575373622424,0.8746320715906525,1
sanity,3.0 (2009–2020),0.18706223654894788,0.4618942207188772,10
sanity,4.0 (2021–present),0.11687710423299151,0.4278179470263053,3
saw-it-again,1.0 (1983–2000),0.23227241467483423,0.5654451735589082,3
saw-it-again,2.0 (2003–2004),0.3141195929043259,0.7785463933241342,1
saw-it-again,3.0 (2009–2020),0.17337347196775107,0.6374947530118491,9
saw-it-again,4.0 (2021–present),0.13561792715113424,0.43136804677312496,5
say-it-to-me-s-a-n-t-o-s,3.0 (2009–2020),0.3191950613667195,0.23834856565742407,3
say-it-to-me-s-a-n-t-o-s,4.0 (2021–present),0.3198429174943934,0.2404917763906477,5
scent-of-a-mule,1.0 (1983–2000),0.37388286235496204,0.49618749854427896,7
scent-of-a-mule,2.0 (2003–2004),0.26561000953607644,0.6233235846707099,2
scent-of-a-mule,3.0 (2009–2020),0.2887537981128056,0.5570093601759074,11
scent-of-a-mule,4.0 (2021–present),0.2616403350341103,0.7261885529395942,3
scents-and-subtle-sounds,2.0 (2003–2004),0.43843685481832667,0.5223713699314816,2
scents-and-subtle-sounds,3.0 (2009–2020),0.28229696429467366,0.4120408423372634,8
scents-and-subtle-sounds,4.0 (2021–present),0.3973150703120837,0.39563604003150354,5
sea-and-sand,1.0 (1983–2000),0.10371901956692815,0.30051016717419127,2
sea-and-sand,3.0 (2009–2020),0.5338673623607133,0.7184870505796873,1
secret-smile,2.0 (2003–2004),0.21077728310951915,0.23461981029345524,2
secret-smile,3.0 (2009–2020),0.1482797755933157,0.6353410297062863,3
set-your-soul-free,3.0 (2009–2020),0.48256432104966923,0.5290047972662337,3
set-your-soul-free,4.0 (2021–present),0.39661722610834976,0.4552442777784932,5
seven-below,2.0 (2003–2004),0.49316197770790154,0.4211675827694511,2
seven-below,3.0 (2009–2020),0.2780815142310906,0.40538067157636143,11
seven-below,4.0 (2021–present),0.23441561755439344,0.5305207346048405,4
seven-below,Other/Hiatus,0.5984779553507242,0.48004882296614326,1
shade,3.0 (2009–2020),0.22125996257947575,0.3216229972532723,5
shade,4.0 (2021–present),0.2342970804072556,0.6092145503392173,5
shafty,1.0 (1983–2000),0.11618561618330951,0.6844919950800464,2
shafty,2.0 (2003–2004),0.20722122251765582,0.9668630702643366,1
shafty,3.0 (2009–2020),0.31212816114351394,0.43382195661088896,2
shafty,4.0 (2021–present),0.2630407623644983,0.7252048225661425,1
shaggy-dog,1.0 (1983–2000),0.44050309697455065,0.5680975031147201,5
shaggy-dog,3.0 (2009–2020),0.21948974804635915,0.9567629115425093,1
shaggy-dog,4.0 (2021–present),0.071233336445115,0.7282012020571494,1
she-caught-the-katy-and-left-me-a-mule-to-ride,1.0 (1983–2000),0.14961486524820133,0.3635884603499244,4
she-caught-the-katy-and-left-me-a-mule-to-ride,3.0 (2009–2020),0.23367474628847248,0.9077894104772585,1
shine-a-light,3.0 (2009–2020),0.2033356030270958,0.1727907524138005,9
shine-a-light,4.0 (2021–present),0.13603858152703566,0.2581003408700128,5
show-of-life,3.0 (2009–2020),0.2329558037540307,0.14561708369597542,7
show-of-life,4.0 (2021–present),0.12886744550330909,0.25674173762953245,3
sightless-escape,3.0 (2009–2020),0.200531206348215,0.4635853559739468,1
sightless-escape,4.0 (2021–present),0.3454876437287898,0.5909376849579304,2
sigma-oasis,3.0 (2009–2020),0.3360023230000243,0.5388194675894082,2
sigma-oasis,4.0 (2021–present),0.4700830283900081,0.5237945827790745,5
silent-in-the-morning,1.0 (1983–2000),0.1954409931462001,0.5527272739106569,9
silent-in-the-morning,2.0 (2003–2004),0.1866369150131559,0.4437394557562848,2
silent-in-the-morning,3.0 (2009–2020),0.24785994444188264,0.21234844055258312,12
silent-in-the-morning,4.0 (2021–present),0.10242174390272082,0.19801735791314154,4
simple,1.0 (1983–2000),0.5059344437343094,0.47246190706360713,7
simple,2.0 (2003–2004),0.3340666498317434,0.4491374495413961,2
simple,3.0 (2009–2020),0.31876255583906965,0.38914568886439993,12
simple,4.0 (2021–present),0.4483116834866564,0.4744656765733491,5
skin-it-back,1.0 (1983–2000),0.3402853289856146,0.48095854111111974,3
skin-it-back,2.0 (2003–2004),0.3580009247589034,0.802012872270003,1
skin-it-back,3.0 (2009–2020),0.36500035235647543,0.7467285270046308,3
slave-to-the-traffic-light,1.0 (1983–2000),0.35216125179410135,0.4064541626973812,16
slave-to-the-traffic-light,2.0 (2003–2004),0.31557555905296664,0.32788030883740876,2
slave-to-the-traffic-light,3.0 (2009–2020),0.3612249147460334,0.3024668029934413,11
slave-to-the-traffic-light,4.0 (2021–present),0.3447411826354546,0.2984940051489638,5
sleep,1.0 (1983–2000),0.20852055368006864,0.6672121969177162,3
sleep,2.0 (2003–2004),0.15654829136224704,0.9011847023976196,1
sleep,3.0 (2009–2020),0.08942790943366237,0.08394160583941605,3
sleeping-monkey,1.0 (1983–2000),0.19087756158903113,0.24131842836148595,9
sleeping-monkey,2.0 (2003–2004),0.20368197241548064,0.16901632634446212,1
sleeping-monkey,3.0 (2009–2020),0.2002997500739723,0.13305578592688158,11
sleeping-monkey,4.0 (2021–present),0.13185657047228952,0.23910390436762338,4
sneakin-sally-through-the-alley,1.0 (1983–2000),0.3619758430879623,0.5852033237255357,9
sneakin-sally-through-the-alley,2.0 (2003–2004),0.33498859139547743,0.4018253293451187,2
sneakin-sally-through-the-alley,3.0 (2009–2020),0.23508094797977946,0.37228271216137604,11
sneakin-sally-through-the-alley,4.0 (2021–present),0.21294377052922425,0.4347941574412113,4
soul-planet,3.0 (2009–2020),0.354056831214031,0.400990135546051,4
soul-planet,4.0 (2021–present),0.36176506481811116,0.41382134898537,5
soul-shakedown-party,1.0 (1983–2000),0.2684687551765493,0.9689723722857864,1
soul-shakedown-party,2.0 (2003–2004),0.23538142619220587,0.7539102120092371,2
soul-shakedown-party,3.0 (2009–2020),0.2870563597815449,0.8985519219260251,7
soul-shakedown-party,4.0 (2021–present),0.2505513260426435,0.8539897030952035,2
space-oddity,3.0 (2009–2020),0.18223096742448494,0.3702652455079064,2
space-oddity,4.0 (2021–present),0.323362809519329,0.9695635403117225,1
spanish-moon,3.0 (2009–2020),0.2105358780445542,0.460020071400415,2
spanish-moon,4.0 (2021–present),0.17498214856193756,0.648250747479342,2
sparkle,1.0 (1983–2000),0.596250974260016,0.5728047529053868,10
sparkle,2.0 (2003–2004),0.1114424079850846,0.6779160992357075,1
sparkle,3.0 (2009–2020),0.1829857965996667,0.6864469035017686,10
sparkle,4.0 (2021–present),0.16120544543609788,0.6801756223710143,4
sparks,1.0 (1983–2000),0.08708857306822484,0.4197020944461122,6
sparks,3.0 (2009–2020),0.039361570663896804,0.6294002350260175,2
split-open-and-melt,1.0 (1983–2000),0.47042263154988606,0.5053972150760492,12
split-open-and-melt,2.0 (2003–2004),0.3571678604258693,0.4786179799319934,2
split-open-and-melt,3.0 (2009–2020),0.33784861531491533,0.4419715421121909,11
split-open-and-melt,4.0 (2021–present),0.4402752698592344,0.4620907343431013,5
spock-s-brain,1.0 (1983–2000),0.2704740102909414,0.7796736967281063,2
spock-s-brain,2.0 (2003–2004),0.24406134275066585,0.8352387840441723,1
spock-s-brain,3.0 (2009–2020),0.30791783188468724,0.7939806393866209,1
spooky,1.0 (1983–2000),0.283215879957449,0.3750302941070227,1
spooky,3.0 (2009–2020),0.22613443561073446,0.9137175947197296,1
stairway-to-heaven,3.0 (2009–2020),0.1934886901772877,0.17286289341602185,1
stairway-to-heaven,4.0 (2021–present),0.28198031633389503,0.6704873774980231,1
stash,1.0 (1983–2000),0.5253758686068957,0.524376522521498,11
stash,2.0 (2003–2004),0.4498310606016026,0.47812777095484005,2
stash,3.0 (2009–2020),0.4501785474428772,0.5185688406007655,11
stash,4.0 (2021–present),0.4457358623089722,0.5163602822301986,5
stealing-time-from-the-faulty-plan,3.0 (2009–2020),0.43230866115590844,0.681545534326681,11
stealing-time-from-the-faulty-plan,4.0 (2021–present),0.27914311690232385,0.7825929375318661,4
steam,3.0 (2009–2020),0.3140755842264123,0.4294892658791214,10
steam,4.0 (2021–present),0.4094952452994652,0.6080374211777902,5
steep,1.0 (1983–2000),0.1750691503427474,0.34772404726573397,5
steep,3.0 (2009–2020),0.19265321473460667,0.36412442139011053,7
steep,4.0 (2021–present),0.267791213502784,0.6754319475922758,1
strange-design,1.0 (1983–2000),0.15510585446691336,0.6637599007045991,6
strange-design,2.0 (2003–2004),0.13543428043240957,0.80214532254571,2
strange-design,3.0 (2009–2020),0.10739467581061621,0.670425510806413,8
strange-design,4.0 (2021–present),0.03744041284983887,0.5673195843841451,3
strange-design,Other/Hiatus,0.6172133550342002,0.4962329658554905,1
strawberry-fields-forever,3.0 (2009–2020),0.30420476531736246,0.9779131610618133,1
strawberry-fields-forever,4.0 (2021–present),0.26468012213903613,0.999745048328544,1
strawberry-letter-23,3.0 (2009–2020),0.25081294954027683,0.933106195135007,3
strawberry-letter-23,4.0 (2021–present),0.27987518246006576,0.8645188491526181,5
sugar-shack,3.0 (2009–2020),0.24854444712952084,0.7149268857276763,10
sugar-shack,4.0 (2021–present),0.23751086210342237,0.7858514049236449,4
suzy-greenberg,1.0 (1983–2000),0.5836319068353486,0.5473413036259158,14
suzy-greenberg,2.0 (2003–2004),0.35105161658936523,0.4573611751189298,2
suzy-greenberg,3.0 (2009–2020),0.3135666459462879,0.23498852322312655,11
suzy-greenberg,4.0 (2021–present),0.21548901553036026,0.27891450478822394,5
suzy-greenberg,Other/Hiatus,1.0,0.5068328814573752,1
sweet-adeline,1.0 (1983–2000),0.2802003099916835,0.1846224114141733,10
sweet-adeline,3.0 (2009–2020),0.18803179864950592,0.5117773934390112,2
sweet-jane,1.0 (1983–2000),0.18503533334778163,0.5398139299103266,1
sweet-jane,3.0 (2009–2020),0.30017282485385816,0.23612333477716066,3
sweet-virginia,1.0 (1983–2000),0.3146216906299484,0.9767964225315353,1
sweet-virginia,3.0 (2009–2020),0.11678276660462719,0.4480880925900417,3
swept-away,1.0 (1983–2000),0.17041172972050084,0.18555690877885914,5
swept-away,3.0 (2009–2020),0.10459931102160598,0.3871369303865247,7
swept-away,4.0 (2021–present),0.18343041470153007,0.7879969459727934,1
talk,1.0 (1983–2000),0.16570591006070723,0.7045949738909312,3
talk,2.0 (2003–2004),0.24427953824222118,0.9784194381774507,1
talk,3.0 (2009–2020),0.08752268301217976,0.16298786297082202,1
talk,4.0 (2021–present),0.1320648882954109,0.14700294175363143,1
taste,1.0 (1983–2000),0.44750057159253087,0.5444465166112125,6
taste,2.0 (2003–2004),0.44859167719857473,0.4893176923303294,2
taste,3.0 (2009–2020),0.2645657036772053,0.38263638717302995,11
taste,4.0 (2021–present),0.2776387203198105,0.5812592204383096,5
taste,Other/Hiatus,0.5539891212578066,0.42704794323410844,1
tela,1.0 (1983–2000),0.2548445452849424,0.5824755872384508,11
tela,3.0 (2009–2020),0.24541474863737897,0.6825217565500705,10
tela,4.0 (2021–present),0.15421005707190724,0.4332483850852528,3
terrapin,1.0 (1983–2000),0.19872858311832958,0.1900798834623534,12
terrapin,2.0 (2003–2004),0.17054064687727996,0.3710876203901644,1
terrapin,3.0 (2009–2020),0.16878020749398354,0.07335260378692493,1
the-ballad-of-curtis-loew,1.0 (1983–2000),0.24164879528019068,0.23705775078418329,6
the-ballad-of-curtis-loew,3.0 (2009–2020),0.16828364321053768,0.6725541294616135,8
the-connection,3.0 (2009–2020),0.15180118745669996,0.6846648336242761,4
the-connection,4.0 (2021–present),0.2470117541281324,0.833609445745573,1
the-curtain,1.0 (1983–2000),0.25711165472403413,0.6349836836044178,13
the-curtain,3.0 (2009–2020),0.25656569953545333,0.7699602309795197,3
the-curtain,4.0 (2021–present),0.35465099834368874,0.8244107996672612,2
the-curtain-with,1.0 (1983–2000),0.47849316337196107,0.4607756923200086,3
the-curtain-with,2.0 (2003–2004),0.4089831033126614,0.4042112597704161,1
the-curtain-with,3.0 (2009–2020),0.38932270893298604,0.5011598522805181,10
the-curtain-with,4.0 (2021–present),0.38348048069173657,0.5087779572243722,3
the-dogs,3.0 (2009–2020),0.2305290625814831,0.7902636634500326,6
the-dogs,4.0 (2021–present),0.30709183236562254,0.8527568090669071,4
the-final-hurrah,3.0 (2009–2020),0.38101567820235493,0.4801627091664842,2
the-final-hurrah,4.0 (2021–present),0.32369875276469634,0.5095205551065904,5
the-horse,1.0 (1983–2000),0.17728430078542995,0.5886306198910003,9
the-horse,2.0 (2003–2004),0.14260852020716716,0.48103862610802745,2
the-horse,3.0 (2009–2020),0.14911801903856772,0.17238097710925437,11
the-horse,4.0 (2021–present),0.06010686827348464,0.07839749950243978,3
the-landlady,1.0 (1983–2000),0.5890960259253991,0.6092795899796927,5
the-landlady,3.0 (2009–2020),0.3312842011065818,0.9100370437712131,4
the-landlady,4.0 (2021–present),0.28091575215620734,0.9167115567258868,3
the-line,3.0 (2009–2020),0.2947660706948677,0.5533208245538729,6
the-line,4.0 (2021–present),0.2623986395902979,0.88983112427132,1
the-little-drummer-boy,1.0 (1983–2000),0.1648800995603366,0.11597150766303181,2
the-little-drummer-boy,2.0 (2003–2004),0.02751248979145274,0.5387488651187108,1
the-lizards,1.0 (1983–2000),0.49468632697561415,0.4923401411411337,13
the-lizards,2.0 (2003–2004),0.2922341739376114,0.40128373210753215,1
the-lizards,3.0 (2009–2020),0.297389217988732,0.4002880654026351,12
the-lizards,4.0 (2021–present),0.31006204713555713,0.44962211457492784,5
the-maker,1.0 (1983–2000),0.1824391417215471,0.14532302223356167,1
the-maker,4.0 (2021–present),0.09535344430043768,0.195736867745773,1
the-man-who-stepped-into-yesterday,1.0 (1983–2000),0.14583510647819015,0.6022271474343581,14
the-man-who-stepped-into-yesterday,2.0 (2003–2004),0.05288804059064582,0.5186305561995724,1
the-man-who-stepped-into-yesterday,3.0 (2009–2020),0.17227838351356345,0.8662456306866972,4
the-man-who-stepped-into-yesterday,4.0 (2021–present),0.15904365593186745,0.8676099289636023,3
the-mango-song,1.0 (1983–2000),0.22569561493647813,0.4231919967862328,11
the-mango-song,2.0 (2003–2004),0.21060782752990156,0.3943062083474915,1
the-mango-song,3.0 (2009–2020),0.19995917298726384,0.40189514366345375,10
the-mango-song,4.0 (2021–present),0.16681662747755965,0.3501440948818173,5
the-moma-dance,1.0 (1983–2000),0.5093599596864005,0.5565149147890054,3
the-moma-dance,2.0 (2003–2004),0.42112240412874447,0.536508182093699,2
the-moma-dance,3.0 (2009–2020),0.5117819926916121,0.6142687556959081,12
the-moma-dance,4.0 (2021–present),0.49869751126428397,0.6187167302364454,5
the-oh-kee-pa-ceremony,1.0 (1983–2000),0.1985305350973397,0.6789109523639725,12
the-oh-kee-pa-ceremony,2.0 (2003–2004),0.009689239221874701,0.5467350379421922,2
the-oh-kee-pa-ceremony,3.0 (2009–2020),0.08247000187465536,0.6581615636738313,8
the-oh-kee-pa-ceremony,4.0 (2021–present),0.08615171184248482,0.3506210076922973,2
the-old-home-place,1.0 (1983–2000),0.16556518275962517,0.7845579343038265,7
the-old-home-place,2.0 (2003–2004),0.16185662829278769,0.8516553192872195,2
the-old-home-place,3.0 (2009–2020),0.16335374349076004,0.8807875458990879,5
the-old-home-place,4.0 (2021–present),0.18103315019339827,0.7320337639881136,4
the-sloth,1.0 (1983–2000),0.22029843281230435,0.7195809740966963,14
the-sloth,2.0 (2003–2004),0.23855508851036783,0.9123451141864101,1
the-sloth,3.0 (2009–2020),0.18038294638946972,0.7567079277092067,10
the-sloth,4.0 (2021–present),0.1103348481415354,0.43249405426574733,2
the-squirming-coil,1.0 (1983–2000),0.36861333384565304,0.47435012544654315,11
the-squirming-coil,2.0 (2003–2004),0.26193610956439,0.32972107318405397,2
the-squirming-coil,3.0 (2009–2020),0.29845238502993676,0.36952385055685133,12
the-squirming-coil,4.0 (2021–present),0.29858537345716407,0.6034558457317376,5
the-squirming-coil,Other/Hiatus,0.5830535788315138,0.5781303209364556,1
the-star-spangled-banner,1.0 (1983–2000),0.20514650207207547,0.5925972708734591,4
the-star-spangled-banner,2.0 (2003–2004),0.1400546815832343,0.878006113354284,2
the-star-spangled-banner,3.0 (2009–2020),0.13718937859593008,0.5561015713698012,6
the-wedge,1.0 (1983–2000),0.20571112333725317,0.5828625707747747,7
the-wedge,2.0 (2003–2004),0.21268114090750828,0.5312315405273437,2
the-wedge,3.0 (2009–2020),0.30834033287711865,0.5637876622637914,11
the-wedge,4.0 (2021–present),0.2494292891291661,0.574892657861412,5
theme-from-new-york-new-york,1.0 (1983–2000),0.15927004778659135,0.04604767029077089,1
theme-from-new-york-new-york,4.0 (2021–present),0.2224966343651702,0.07060022755041048,1
theme-from-the-bottom,1.0 (1983–2000),0.4504307688623331,0.5327276193320498,6
theme-from-the-bottom,2.0 (2003–2004),0.3599317103522742,0.6646052184478827,2
theme-from-the-bottom,3.0 (2009–2020),0.32481021600446375,0.524683357137036,11
theme-from-the-bottom,4.0 (2021–present),0.44581242320971387,0.5971429327224659,5
thread,3.0 (2009–2020),0.23262474552060808,0.5706137096774568,3
thread,4.0 (2021–present),0.3452323031805108,0.5938031774026161,3
thunderhead,2.0 (2003–2004),0.22682867628519537,0.58026077595034,1
thunderhead,4.0 (2021–present),0.06728415541403567,0.5070405062138891,1
timber-jerry-the-mule,1.0 (1983–2000),0.2569056640734447,0.4872306939311228,11
timber-jerry-the-mule,2.0 (2003–2004),0.2613081096903444,0.640338191718543,2
timber-jerry-the-mule,3.0 (2009–2020),0.276221985481683,0.7177707777127794,11
timber-jerry-the-mule,4.0 (2021–present),0.34612211861440517,0.6449545998669732,5
time-loves-a-hero,1.0 (1983–2000),0.2919977304531809,0.8781079963936704,2
time-loves-a-hero,3.0 (2009–2020),0.10437944447664668,0.6021653156103179,2
time-loves-a-hero,Other/Hiatus,0.6042400140360284,0.47669141303337675,1
time-turns-elastic,3.0 (2009–2020),0.4407702912375434,0.4200966079247292,2
time-turns-elastic,4.0 (2021–present),0.40278527900779043,0.46669615920699803,1
torn-and-frayed,3.0 (2009–2020),0.3240598720186331,0.7145344628504405,5
torn-and-frayed,4.0 (2021–present),0.2473466158021248,0.658630021098599,2
train-song,1.0 (1983–2000),0.1675424285072607,0.7121744862461151,5
train-song,3.0 (2009–2020),0.1121059699643836,0.770321877415015,9
train-song,4.0 (2021–present),0.0679348513073102,0.680744649490034,2
tube,1.0 (1983–2000),0.19568925222123493,0.6482367539612698,11
tube,2.0 (2003–2004),0.31502491171558317,0.5366753604690739,2
tube,3.0 (2009–2020),0.4896677332771586,0.6487060714527628,12
tube,4.0 (2021–present),0.4839403053795761,0.6210803330680453,5
turtle-in-the-clouds,3.0 (2009–2020),0.5054610537834997,0.6399590301404108,3
turtle-in-the-clouds,4.0 (2021–present),0.3436636966272463,0.8120703065961213,5
tweezer,1.0 (1983–2000),0.5008925373030891,0.4371081902108693,11
tweezer,2.0 (2003–2004),0.45916850720042557,0.4570401668362083,2
tweezer,3.0 (2009–2020),0.5173162960246296,0.4363306608348254,12
tweezer,4.0 (2021–present),0.46000874975864553,0.4046970638112327,5
tweezer-reprise,1.0 (1983–2000),0.2964077949651202,0.17658960321588713,10
tweezer-reprise,2.0 (2003–2004),0.30498536510907337,0.18050383661819158,2
tweezer-reprise,3.0 (2009–2020),0.31730084672583536,0.16577972091904034,12
tweezer-reprise,4.0 (2021–present),0.28821007979227464,0.17784686386431514,5
twenty-years-later,3.0 (2009–2020),0.26858167302217145,0.37272540826321426,11
twenty-years-later,4.0 (2021–present),0.214698176692102,0.39844025272200656,5
twist,1.0 (1983–2000),0.47286680857566565,0.4830756883358076,4
twist,2.0 (2003–2004),0.45372163686713696,0.42546496427538516,2
twist,3.0 (2009–2020),0.5151305684240907,0.4445016201565052,12
twist,4.0 (2021–present),0.49780170361741644,0.448643602714445,5
two-versions-of-me,2.0 (2003–2004),0.2538635164774375,0.6238594875982795,1
two-versions-of-me,3.0 (2009–2020),0.12142511699065385,0.663028227994298,1
two-versions-of-me,4.0 (2021–present),0.2210365232608276,0.513125710746357,1
uncle-pen,1.0 (1983–2000),0.23838945238985343,0.6123451583519988,10
uncle-pen,3.0 (2009–2020),0.2552475715852111,0.9294356628015887,5
undermind,3.0 (2009–2020),0.3681767506401416,0.6265285303426195,12
undermind,4.0 (2021–present),0.32208839550598584,0.6763664682020082,5
vultures,1.0 (1983–2000),0.3589600965979588,0.6703875284002168,4
vultures,2.0 (2003–2004),0.3104447333423963,0.690073979220509,2
vultures,3.0 (2009–2020),0.27663914012840785,0.70941148702329,11
vultures,4.0 (2021–present),0.31336006068773875,0.7981882717675101,5
wading-in-the-velvet-sea,1.0 (1983–2000),0.275110544988233,0.3349947212242478,4
wading-in-the-velvet-sea,2.0 (2003–2004),0.24017942161909656,0.33488803971714914,2
wading-in-the-velvet-sea,3.0 (2009–2020),0.2501070217438494,0.26959713172861,11
wading-in-the-velvet-sea,4.0 (2021–present),0.15470417628641536,0.3692966476598119,5
wading-in-the-velvet-sea,Other/Hiatus,0.6024171510688252,0.4705518150917907,1
waiting-all-night,3.0 (2009–2020),0.192446588468612,0.5701623373619633,7
waiting-all-night,4.0 (2021–present),0.14827066681448484,0.6918866512018922,2
walfredo,1.0 (1983–2000),0.3031944738530479,0.8178372631951554,2
walfredo,3.0 (2009–2020),0.34852194608788045,0.8946898736534086,2
walk-away,1.0 (1983–2000),0.16174168954899212,0.40642988905743616,9
walk-away,3.0 (2009–2020),0.2144439049003713,0.5519248084108389,9
walk-away,4.0 (2021–present),0.22263275345456462,0.6162104725536669,4
walls-of-the-cave,2.0 (2003–2004),0.44477208994712525,0.42652955544917587,2
walls-of-the-cave,3.0 (2009–2020),0.37050524309921073,0.4732961020520774,10
walls-of-the-cave,4.0 (2021–present),0.3346726963057684,0.5179004060398256,5
walls-of-the-cave,Other/Hiatus,0.5050644707781046,0.4030303532889114,1
waste,1.0 (1983–2000),0.29793713288468865,0.2865642229954971,5
waste,2.0 (2003–2004),0.19540765921894226,0.293659857743104,2
waste,3.0 (2009–2020),0.19933114395948742,0.25839957435530214,12
waste,4.0 (2021–present),0.16261491234525252,0.2563346645616572,5
waste,Other/Hiatus,0.999999917985109,0.5068329976826084,1
water-in-the-sky,1.0 (1983–2000),0.4459355685685394,0.7109632449787562,4
water-in-the-sky,2.0 (2003–2004),0.33359757847753746,0.7007333091615842,2
water-in-the-sky,3.0 (2009–2020),0.14057514295554316,0.7681308922997018,11
water-in-the-sky,4.0 (2021–present),0.2621853906218556,0.8337888510154762,3
waves,2.0 (2003–2004),0.403271539529814,0.44634566713957935,2
waves,3.0 (2009–2020),0.29051189774902136,0.3921507358521697,11
waves,4.0 (2021–present),0.30757092683654563,0.3965547569151573,4
waves,Other/Hiatus,0.5691618965951744,0.5141688554589993,1
we-are-come-to-outlive-our-brains,3.0 (2009–2020),0.2661930213590765,0.65279339909481,2
we-are-come-to-outlive-our-brains,4.0 (2021–present),0.21560991573154487,0.8448022843744147,2
weekapaug-groove,1.0 (1983–2000),0.3514532454327804,0.47428405140149266,13
weekapaug-groove,2.0 (2003–2004),0.4867866321714769,0.4839472497367382,2
weekapaug-groove,3.0 (2009–2020),0.4381118298053227,0.4054349661940313,12
weekapaug-groove,4.0 (2021–present),0.3840410832272556,0.5714276582303109,5
weigh,1.0 (1983–2000),0.2667287016195952,0.729224820930621,7
weigh,2.0 (2003–2004),0.2428909851302697,0.834915445445526,1
weigh,3.0 (2009–2020),0.26293857693625217,0.8381626389896885,9
weigh,4.0 (2021–present),0.2664894321455028,0.6361538392518554,3
west-l-a-fadeaway,1.0 (1983–2000),0.35416996306725934,0.3590741996532862,1
west-l-a-fadeaway,3.0 (2009–2020),0.18284540248407932,0.22627095081864174,1
what-s-the-use,1.0 (1983–2000),0.3600291504501869,0.5434026948865872,2
what-s-the-use,2.0 (2003–2004),0.15125804384110098,0.602231924291441,1
what-s-the-use,3.0 (2009–2020),0.24707361514114629,0.2819875914802999,10
what-s-the-use,4.0 (2021–present),0.24080241954590365,0.3527021628679069,5
when-the-circus-comes,1.0 (1983–2000),0.2579500346471907,0.41674567464308043,4
when-the-circus-comes,2.0 (2003–2004),0.12200590544121848,0.661763372026883,1
when-the-circus-comes,3.0 (2009–2020),0.1547234190302145,0.6363986095928867,11
when-the-circus-comes,4.0 (2021–present),0.1184058925566791,0.3115714105091972,5
while-my-guitar-gently-weeps,1.0 (1983–2000),0.18923972934183808,0.3824702490134918,6
while-my-guitar-gently-weeps,2.0 (2003–2004),0.19268998816135552,0.19907534458805803,1
while-my-guitar-gently-weeps,3.0 (2009–2020),0.1721903764095976,0.33850646664412515,5
while-my-guitar-gently-weeps,4.0 (2021–present),0.17265327870622166,0.3957701930068765,3
who-loves-the-sun,1.0 (1983–2000),0.055878631575802744,0.5743360319747703,1
who-loves-the-sun,3.0 (2009–2020),0.19891656893738083,0.9357032712149753,1
whole-lotta-love,1.0 (1983–2000),0.05633955526318158,0.32094783397774024,2
whole-lotta-love,3.0 (2009–2020),0.08117600168015705,0.7865237214073723,1
wilson,1.0 (1983–2000),0.43373657116367503,0.6756805068759081,15
wilson,2.0 (2003–2004),0.5551733752762954,0.611186997148623,2
wilson,3.0 (2009–2020),0.27287546781037525,0.6568941856188568,11
wilson,4.0 (2021–present),0.25237233198127,0.21224654589067324,5
wilson,Other/Hiatus,0.5802764316001653,0.594046088139917,1
windora-bug,1.0 (1983–2000),0.3603751430826662,0.48333263908127394,2
windora-bug,3.0 (2009–2020),0.44073478904160496,0.5280802487815063,1
wingsuit,3.0 (2009–2020),0.3229593718631226,0.43925415548211877,8
wingsuit,4.0 (2021–present),0.29383880625257847,0.4581233220853652,4
winterqueen,3.0 (2009–2020),0.3135779229937994,0.39620015082316057,7
winterqueen,4.0 (2021–present),0.2793951352067763,0.6525052767418106,4
wolfman-s-brother,1.0 (1983–2000),0.4396717530320034,0.50483786370769,7
wolfman-s-brother,2.0 (2003–2004),0.45897406527167406,0.5063611464810323,2
wolfman-s-brother,3.0 (2009–2020),0.5055331448726822,0.5641541204239394,11
wolfman-s-brother,4.0 (2021–present),0.44014041687471966,0.5364587166344669,5
wolfman-s-brother,Other/Hiatus,0.9999985237319622,0.5068331139078415,1
wombat,3.0 (2009–2020),0.28163997375851546,0.5466327946045829,6
wombat,4.0 (2021–present),0.3491368617034768,0.6560624081152363,2
ya-mar,1.0 (1983–2000),0.3988253283963376,0.5832163138944151,14
ya-mar,2.0 (2003–2004),0.36344647260207474,0.594323087738103,2
ya-mar,3.0 (2009–2020),0.30257088003679844,0.6760572393466673,11
ya-mar,4.0 (2021–present),0.3231636312306226,0.672841333635271,5
yarmouth-road,3.0 (2009–2020),0.3725274970812438,0.7063809838038277,6
yarmouth-road,4.0 (2021–present),0.2377539939662875,0.6415752582327098,2
you-enjoy-myself,1.0 (1983–2000),0.5245521212936266,0.4424072995676096,16
you-enjoy-myself,2.0 (2003–2004),0.46372215848184367,0.3906011193466245,2
you-enjoy-myself,3.0 (2009–2020),0.43799187277538454,0.37958356580317054,12
you-enjoy-myself,4.0 (2021–present),0.44175006162906466,0.3870942757259556,5
you-sexy-thing,3.0 (2009–2020),0.2771495187950553,0.6728058849391577,3
you-sexy-thing,4.0 (2021–present),0.3142967425059047,0.975210691940417,1
your-pet-cat,3.0 (2009–2020),0.14349450400787295,0.5596341675965073,7
your-pet-cat,4.0 (2021–present),0.3627863398704054,0.39657075822413235,3
